-- MySQL dump 10.13  Distrib 5.7.17, for Win64 (x86_64)
--
-- Host: localhost    Database: rt
-- ------------------------------------------------------
-- Server version	5.7.18-log

/*!40101 SET @OLD_CHARACTER_SET_CLIENT=@@CHARACTER_SET_CLIENT */;
/*!40101 SET @OLD_CHARACTER_SET_RESULTS=@@CHARACTER_SET_RESULTS */;
/*!40101 SET @OLD_COLLATION_CONNECTION=@@COLLATION_CONNECTION */;
/*!40101 SET NAMES utf8 */;
/*!40103 SET @OLD_TIME_ZONE=@@TIME_ZONE */;
/*!40103 SET TIME_ZONE='+00:00' */;
/*!40014 SET @OLD_UNIQUE_CHECKS=@@UNIQUE_CHECKS, UNIQUE_CHECKS=0 */;
/*!40014 SET @OLD_FOREIGN_KEY_CHECKS=@@FOREIGN_KEY_CHECKS, FOREIGN_KEY_CHECKS=0 */;
/*!40101 SET @OLD_SQL_MODE=@@SQL_MODE, SQL_MODE='NO_AUTO_VALUE_ON_ZERO' */;
/*!40111 SET @OLD_SQL_NOTES=@@SQL_NOTES, SQL_NOTES=0 */;

--
-- Table structure for table `rt_base`
--

DROP TABLE IF EXISTS `rt_base`;
/*!40101 SET @saved_cs_client     = @@character_set_client */;
/*!40101 SET character_set_client = utf8 */;
CREATE TABLE `rt_base` (
  `id` int(7) unsigned zerofill NOT NULL AUTO_INCREMENT,
  `number` varchar(5) NOT NULL DEFAULT '',
  `type` varchar(80) NOT NULL DEFAULT 'pick',
  `model` varchar(80) NOT NULL DEFAULT '',
  `sn` varchar(80) NOT NULL DEFAULT '',
  `sn_scanner` varchar(80) DEFAULT '',
  `cond` varchar(80) DEFAULT NULL,
  `available` varchar(80) NOT NULL DEFAULT 'исправен',
  `description` mediumtext,
  PRIMARY KEY (`id`),
  UNIQUE KEY `number_UNIQUE` (`number`),
  UNIQUE KEY `id_UNIQUE` (`id`),
  UNIQUE KEY `sn_UNIQUE` (`sn`),
  KEY `idx_number` (`number`),
  KEY `dx_sn` (`sn`)
) ENGINE=InnoDB AUTO_INCREMENT=113 DEFAULT CHARSET=utf8;
/*!40101 SET character_set_client = @saved_cs_client */;

--
-- Dumping data for table `rt_base`
--

LOCK TABLES `rt_base` WRITE;
/*!40000 ALTER TABLE `rt_base` DISABLE KEYS */;
INSERT INTO `rt_base` VALUES (0000001,'P001','сборка_конвейер','symbol','S16125523020223','M1V01R35A','исправен','нет','скол кнопки, царапина на экране  большая'),(0000002,'P002','сборка_конвейер','symbol','S16125523020300','M1V06F72E ','исправен','нет','без заглушки '),(0000003,'P003','сборка_конвейер','symbol','S16124523021088','M1V01T68M','исправен','нет',''),(0000004,'P004','сборка_конвейер','symbol','S16125523020149','M1V01T68P','исправен','нет','на экране царапина (12.09.16)'),(0000005,'P005','сборка_конвейер','symbol','S16125523020255','M1T39B89J','исправен','нет',''),(0000006,'P006','сборка_конвейер','symbol','S15334523030220','M1V06F71W','исправен','нет','нет'),(0000007,'P007','сборка_конвейер','symbol','S16125523020026','M1V06F68A','исправен','нет',''),(0000008,'P008','сборка_конвейер','symbol','S15334523027110','M1V06F67N','исправен','нет',''),(0000009,'P009','сборка_конвейер','symbol','S16125523020032','M1V01R36G','исправен','да',''),(0000010,'P010','сборка_конвейер','symbol','S16125523020090','M1V01T68E','исправен','да','отсутствует кнопка (красная) на сканере'),(0000011,'P011','сборка_конвейер','symbol','S16125523020371','M1V01R35L','исправен','нет',''),(0000012,'P012','сборка_конвейер','symbol','S16125523020086','M1V01T68W','исправен','да','царапина на корпусе'),(0000013,'P013','сборка_конвейер','symbol','S16125523020140','M1V06F68K','исправен','нет',''),(0000014,'P014','сборка_конвейер','symbol','S16125523020259','M1V06F67M','исправен','нет',''),(0000015,'P015','сборка_конвейер','symbol','S16125523020045','M1V06V67Y','исправен','нет',''),(0000016,'P016','сборка_конвейер','symbol','S15335523020567','M1V01T69F','исправен','нет','царапина сзади на корпусе'),(0000017,'P017','сборка_конвейер','symbol','S15335523020446','M1V02B80E','исправен','нет',''),(0000018,'P018','сборка_конвейер','symbol','S16125523020477','M1V01T71H','исправен','нет','без заглушки, царапина на корпусе'),(0000019,'P019','сборка_конвейер','symbol','S16125523020019','M1V01T71H','исправен','нет','царапина на сканере, корпусе'),(0000020,'P020','сборка_конвейер','symbol','S15334523020560','M1V06E50K','исправен','нет',''),(0000021,'P021','сборка_конвейер','symbol','S16125523020239','M1V01R30J','исправен','нет','без заглушки, царапина на корпусе'),(0000022,'P022','сборка_конвейер','symbol','S16125523020238','M1V01T69B','исправен','нет','рядом с кнопкой «8» порвано'),(0000023,'P023','сборка_конвейер','symbol','S16125523020091','M1V06F72K','исправен','нет',''),(0000024,'P024','сборка_конвейер','symbol','S16125523020333','M1V06F72K','исправен','да',''),(0000025,'P025','сборка_конвейер','symbol','S16125523020204','M1V01T68V','исправен','нет',''),(0000026,'P026','сборка_конвейер','symbol','S15334523020554','M1V06F67R','исправен','нет','царапина на экране, сканер был в ремонте'),(0000027,'P027','сборка_конвейер','symbol','S16125523020145','M1V01T69E','исправен','нет',''),(0000028,'P028','сборка_конвейер','symbol','S15334523023898','M1V01R36V','исправен','да',''),(0000029,'P029','сборка_конвейер','symbol','S15334523022857','M1V01J34V','исправен','да',''),(0000030,'P030','сборка_конвейер','symbol','S16125523020243','SYMBOL №30','исправен','да',''),(0000031,'P031','сборка_конвейер','symbol','S16125523020192','M1V01T68L','исправен','да',''),(0000032,'P032','сборка_конвейер','symbol','S15334523030301','M1V06E44H','исправен','да',''),(0000033,'P033','сборка_конвейер','symbol','S15335523020409','M1V01K03F','исправен','да',''),(0000034,'P034','сборка_конвейер','symbol','S15335523020349','M1V01L34D','исправен','нет','царапина на корпусе'),(0000035,'P035','сборка_конвейер','symbol','S15335523020573','M1V01R30M','исправен','нет',''),(0000036,'P036','сборка_конвейер','symbol','S15335523020047','M1V01T68R','исправен','да',''),(0000037,'P037','сборка_конвейер','symbol','S15334523029726','M1V01T69P','исправен','нет',''),(0000038,'P038','сборка_конвейер','symbol','S15334523025221','M1V01T68N','исправен','да',''),(0000039,'P039','сборка_конвейер','symbol','S15333523022128','M1V01R360','исправен','да',''),(0000040,'P040','сборка_конвейер','symbol','S16125523020183','M1V06F68G','исправен','нет',''),(0000041,'P041','сборка_конвейер','symbol','S16125523020237','M1V06F67V','исправен','да',''),(0000042,'P042','сборка_конвейер','symbol','S15335523020818','M1V01R36F','исправен','нет',''),(0000043,'P043','сборка_конвейер','symbol','S15334523029338','M1V01R36K','исправен','нет','западает кнопка enter'),(0000044,'P044','сборка_конвейер','symbol','S15335523020592','M1V01330P','исправен','да','царапина'),(0000045,'P045','сборка_конвейер','symbol','S15334523021023','M1V01T69U','исправен','нет',''),(0000046,'P046','сборка_конвейер','symbol','S15333523022546','M1V01R35K','исправен','да',''),(0000047,'P047','сборка_конвейер','symbol','S15335523020386','M1V01R35R','исправен','да',''),(0000048,'P048','сборка_конвейер','symbol','S15334523027116','M1V01R35H','исправен','да',''),(0000049,'P049','сборка_конвейер','symbol','S16125523020518','M1V01T68T','исправен','нет',''),(0000050,'P050','сборка_конвейер','symbol','S16125523020311','M1V01T69O','исправен','нет',''),(0000051,'P051','сборка_конвейер','symbol','S15334523029348','M1V06E44R','исправен','да','плохо работает кнопка Питание'),(0000052,'P052','сборка_конвейер','symbol','S15334523030303','M1V01R30R','исправен','да',''),(0000053,'P053','сборка_конвейер','symbol','S16125523020293','SYMBOL №53','исправен','да',''),(0000054,'P054','сборка_конвейер','symbol','S15334523029665','M1V01T70F','исправен','да',''),(0000055,'P055','сборка_конвейер','symbol','S15334523029606','M1V01R35U','исправен','да',''),(0000056,'P056','сборка_конвейер','symbol','S16125523020328','M1V01R36J','исправен','нет',''),(0000057,'P057','сборка_конвейер','symbol','S15334523030272','M1V01R36E','исправен','нет','западает кнопка Питание'),(0000058,'P058','сборка_конвейер','symbol','S16125523020169','M1V01R36T','исправен','нет',''),(0000059,'P059','сборка_конвейер','symbol','S16125523020190','SYMBOL №59','исправен','нет',''),(0000060,'P060','сборка_конвейер','symbol','S16125523020177','M1V06E44U','исправен','нет',''),(0000061,'P061','сборка_тэо','symbol','S16125523020531','M1V06F70N','исправен','нет',''),(0000062,'P062','сборка_тэо','symbol','S16125523020105','M1V01R30Y','исправен','нет',''),(0000063,'P063','сборка_тэо','symbol','S16125523020137','M1V06F72C','исправен','нет',''),(0000064,'P064','сборка_тэо','symbol','S12319521122056','M1U01N47C','исправен','нет',''),(0000065,'P065','сборка_тэо','symbol','S16125523020098','M1V06F67U','исправен','да',''),(0000066,'P066','сборка_тэо','symbol','S16125523020036','M1V06F68B','исправен','да',''),(0000067,'P067','сборка_тэо','symbol','S10307521120750','M1V06F68W','исправен','нет',''),(0000068,'P068','сборка_тэо','symbol','S12224521122555','M1V01R31A','исправен','нет',''),(0000069,'P069','сборка_тэо','symbol','S11363521120174','M1V06F68C','исправен','нет',''),(0000070,'P070','сборка_тэо','symbol','S12270521120069','M1V06F72H','исправен','да',''),(0000071,'F001','подпитка','mc9090','S8086000505840','','исправен','нет',''),(0000073,'F002','подпитка','mc9090','S8175000502275','','исправен','нет',''),(0000074,'F003','подпитка','mc9090','S8148000505545','','исправен','нет','закреплен за борцовой е.'),(0000075,'F004','приемка','mc9090','S8147000503530','','исправен','да',''),(0000076,'F005','подпитка','mc9090','S8175000504424','','исправен','да',''),(0000077,'F006','подпитка','mc9090','S9042000501871','','исправен','нет','закреплен за гудзиевой л.'),(0000078,'F007','подпитка','mc9090','S8255000501371','','исправен','нет',''),(0000079,'F008','подпитка','mc9090','S8232000500738','','исправен','да',''),(0000080,'F009','подпитка','mc9090','S8119000500421','','исправен','нет',''),(0000081,'F010','подпитка','mc9090','S8031000503789','','исправен','да',''),(0000082,'F011','подпитка','mc9090','S8198000502712','','исправен','нет','передан в ремонт 17.08.17'),(0000083,'F012','подпитка','mc9090','S1304500505879','','исправен','да',''),(0000084,'F013','подпитка','mc9090','BA070','','исправен','нет',''),(0000085,'F014','подпитка','mc9090','358347000136120','','исправен','да',''),(0000086,'F015','подпитка','mc9090','S1404800509233','','исправен','нет',''),(0000087,'F016','подпитка','mc9090','S1405600501748','','исправен','да',''),(0000088,'F017','подпитка','mc9090','S1404800509350','','исправен','нет',''),(0000089,'F018','подпитка','mc9090','S1404800509228','','исправен','нет',''),(0000090,'F019','подпитка','mc9090','13','','исправен','нет','номер 13 нацарапан'),(0000091,'F020','подпитка','mc9090','б/н','','исправен','нет',''),(0000092,'F021','подпитка','mc9090','17','','исправен','да',''),(0000093,'F022','подпитка','mc9090','5023000501780','','исправен','нет',''),(0000094,'F023','подпитка','mc9090','5024000501458','','исправен','да',''),(0000095,'F024','подпитка','mc9090','358347000178874','','исправен','нет',' '),(0000096,'F025','приемка','mc9090','S8023000502842','','исправен','да',''),(0000097,'F026','приемка','mc9090','358347000136567','','исправен','да',''),(0000098,'F027','приемка','mc9090','0','','исправен','да',''),(0000099,'F028','приемка','mc9090','S1305800503671','','исправен','да',''),(0000100,'F029','приемка','mc9090','UA 029','','исправен','нет',''),(0000101,'F030','приемка','mc9090','S1404800509360','','исправен','да',''),(0000102,'F031','приемка','mc9090','нач. приемки','','исправен','да','закреплен за евтушенко е.'),(0000103,'F032','приемка','mc9090','нет','','исправен','да',''),(0000104,'F033','подпитка','mc9090','S8099000501036','','исправен','да',''),(0000105,'F034','приемка','mc9090','S1319500504135','','исправен','да',''),(0000106,'F035','приемка','mc9090','358347000138233','','исправен','да',''),(0000107,'F036','подпитка','mc9090','нет номера','','исправен','нет',''),(0000108,'F037','подпитка','mc9090','S1119800504451','','исправен','нет',''),(0000109,'F038','приемка','mc9090','SCZ000432717','','исправен','да',''),(0000110,'F039','подпитка','mc9090','S1106800503090','','исправен','да',''),(0000111,'F040','подпитка','mc9090','S1108000501242','','исправен','нет',''),(0000112,'F041','подпитка','mc9090','S1111900502380','','исправен','нет','закреплен за никишиной н.');
/*!40000 ALTER TABLE `rt_base` ENABLE KEYS */;
UNLOCK TABLES;

--
-- Table structure for table `rt_log`
--

DROP TABLE IF EXISTS `rt_log`;
/*!40101 SET @saved_cs_client     = @@character_set_client */;
/*!40101 SET character_set_client = utf8 */;
CREATE TABLE `rt_log` (
  `id` int(7) unsigned zerofill NOT NULL AUTO_INCREMENT,
  `dt` datetime NOT NULL,
  `operation_type` varchar(80) NOT NULL,
  `employee` varchar(80) NOT NULL,
  `operation_status` varchar(80) NOT NULL,
  `device` varchar(80) NOT NULL,
  `device_number` char(5) NOT NULL,
  `operation_begin` datetime DEFAULT NULL,
  `operation_end` datetime DEFAULT NULL,
  `description` mediumtext,
  `employee_id` int(7) unsigned zerofill DEFAULT NULL,
  `terminal_id` int(7) unsigned zerofill DEFAULT NULL,
  `radio_id` int(7) unsigned zerofill DEFAULT NULL,
  PRIMARY KEY (`id`),
  UNIQUE KEY `id_UNIQUE` (`id`),
  KEY `idx_dt` (`dt`)
) ENGINE=InnoDB AUTO_INCREMENT=123 DEFAULT CHARSET=utf8;
/*!40101 SET character_set_client = @saved_cs_client */;

--
-- Dumping data for table `rt_log`
--

LOCK TABLES `rt_log` WRITE;
/*!40000 ALTER TABLE `rt_log` DISABLE KEYS */;
INSERT INTO `rt_log` VALUES (0000027,'2017-08-06 00:04:17','работа','Плаутский П.Г.','возвращен','рация','R024','2017-08-06 00:04:17','2017-08-06 00:04:39','',NULL,NULL,NULL),(0000028,'2017-08-17 07:29:57','работа','Иванов А.Г.','выдан','подпитка','F040','2017-08-17 07:29:57',NULL,'',0001259,0000111,NULL),(0000029,'2017-08-17 07:30:09','работа','Иванов А.Г.','выдан','рация','R026','2017-08-17 07:30:09',NULL,'',0001259,NULL,9900022),(0000030,'2017-08-17 07:38:07','работа','Селецкая И. В.','возвращен','подпитка','F008','2017-08-17 07:38:07','2017-08-17 16:59:48','',0001027,0000079,NULL),(0000031,'2017-08-17 07:38:11','работа','Селецкая И. В.','возвращен','рация','R024','2017-08-17 07:38:11','2017-08-17 16:59:51','',0001027,NULL,9900020),(0000032,'2017-08-17 07:53:13','работа','Осокин А.В.','выдан','подпитка','F009','2017-08-17 07:53:13',NULL,'',0001285,0000080,NULL),(0000033,'2017-08-17 07:53:16','работа','Осокин А.В.','выдан','рация','R006','2017-08-17 07:53:16',NULL,'',0001285,NULL,9900004),(0000034,'2017-08-17 07:55:44','работа','Жданов И.Ю.','возвращен','подпитка','F005','2017-08-17 07:55:44','2017-08-17 16:54:17','',0001183,0000076,NULL),(0000035,'2017-08-17 07:56:06','работа','Жданов И.Ю.','возвращен','рация','R021','2017-08-17 07:56:06','2017-08-17 16:54:24','',0001183,NULL,9900017),(0000036,'2017-08-17 07:56:56','работа','Давыдов Д.В.','выдан','подпитка','F018','2017-08-17 07:56:56',NULL,'',0001294,0000089,NULL),(0000037,'2017-08-17 08:00:11','работа','Юрченко Ю.В.','возвращен','подпитка','F038','2017-08-17 08:00:11','2017-08-17 15:53:47','',0001223,0000109,NULL),(0000038,'2017-08-17 08:00:45','работа','Семенихин В.А.','возвращен','подпитка','F029','2017-08-17 08:00:45','2017-08-17 15:53:51','',0000685,0000100,NULL),(0000039,'2017-08-17 08:00:55','работа','Николаенко Ю. В.','возвращен','подпитка','F030','2017-08-17 08:00:55','2017-08-17 15:54:06','',0000575,0000101,NULL),(0000040,'2017-08-17 08:01:30','работа','Степанов А.А','возвращен','подпитка','F034','2017-08-17 08:01:30','2017-08-17 15:54:43','',0000174,0000105,NULL),(0000041,'2017-08-17 08:01:49','работа','Титов А. А.','выдан','подпитка','F037','2017-08-17 08:01:49',NULL,'',0000750,0000108,NULL),(0000042,'2017-08-17 08:01:57','работа','Титов А. А.','выдан','рация','R008','2017-08-17 08:01:57',NULL,'',0000750,NULL,9900006),(0000043,'2017-08-17 08:03:21','работа','Варибок Д.Р.','возвращен','подпитка','F004','2017-08-17 08:03:21','2017-08-17 15:53:59','',0001257,0000075,NULL),(0000044,'2017-08-17 08:03:36','работа','Кузнецов В.П','возвращен','подпитка','F035','2017-08-17 08:03:36','2017-08-17 15:54:50','',0001255,0000106,NULL),(0000045,'2017-08-17 08:04:37','работа','Волков М. В.','возвращен','подпитка','F012','2017-08-17 08:04:37','2017-08-17 15:54:19','',0000158,0000083,NULL),(0000046,'2017-08-17 08:09:25','работа','Шушлебин А.А.','выдан','подпитка','F022','2017-08-17 08:09:25',NULL,'',0001271,0000093,NULL),(0000047,'2017-08-17 08:10:16','работа','Шушлебин А.А.','выдан','рация','R022','2017-08-17 08:10:16',NULL,'',0001271,NULL,9900018),(0000048,'2017-08-17 08:10:33','работа','Дмитров Г. Р.','выдан','подпитка','F019','2017-08-17 08:10:33',NULL,'',0000370,0000090,NULL),(0000049,'2017-08-17 08:10:42','работа','Дмитров Г. Р.','выдан','рация','R019','2017-08-17 08:10:42',NULL,'',0000370,NULL,9900015),(0000050,'2017-08-17 08:11:04','работа','Кафанова И.И.','выдан','подпитка','F036','2017-08-17 08:11:04',NULL,'',0000774,0000107,NULL),(0000051,'2017-08-17 08:20:49','работа','Демин С.А.','возвращен','подпитка','F027','2017-08-17 08:20:49','2017-08-17 16:54:09','Операция закрыта принудительно',0000826,0000098,NULL),(0000052,'2017-08-17 08:30:51','работа','Васильева Е.И.','выдан','конвейер_сборка','P018','2017-08-17 08:30:51',NULL,'',0000783,0000018,NULL),(0000053,'2017-08-17 08:32:31','работа','Пшеничная Д. К.','возвращен','подпитка','F016','2017-08-17 08:32:31','2017-08-17 09:39:26','',0000553,0000087,NULL),(0000054,'2017-08-17 08:48:38','работа','Восканян С.С.','возвращен','подпитка','F007','2017-08-17 08:48:38','2017-08-17 10:42:08','',0001221,0000078,NULL),(0000055,'2017-08-17 08:48:45','работа','Харченко А.И.','возвращен','подпитка','F002','2017-08-17 08:48:45','2017-08-17 10:42:21','',0001220,0000073,NULL),(0000056,'2017-08-17 08:49:04','работа','Майонова В. В.','возвращен','подпитка','F011','2017-08-17 08:49:04','2017-08-17 09:53:43','',0000905,0000082,NULL),(0000057,'2017-08-17 08:53:34','работа','Кондов В.Г.','возвращен','подпитка','F026','2017-08-17 08:53:34','2017-08-17 10:42:05','',0001205,0000097,NULL),(0000058,'2017-08-17 08:53:38','работа','Воронов К.Ю.','возвращен','подпитка','F025','2017-08-17 08:53:38','2017-08-17 10:43:42','',0001147,0000096,NULL),(0000059,'2017-08-17 09:01:46','работа','Валенок К.С.','выдан','конвейер_сборка','P034','2017-08-17 09:01:46',NULL,'',0000682,0000034,NULL),(0000060,'2017-08-17 09:01:51','работа','Валенок К.С.','выдан','подпитка','F024','2017-08-17 09:01:51',NULL,'',0000682,0000095,NULL),(0000061,'2017-08-17 09:08:46','работа','Ищенко А.А.','выдан','конвейер_сборка','P014','2017-08-17 09:08:46',NULL,'',0001272,0000014,NULL),(0000062,'2017-08-17 09:08:50','работа','Березняк Е.А.','выдан','конвейер_сборка','P001','2017-08-17 09:08:50',NULL,'',0001297,0000001,NULL),(0000063,'2017-08-17 09:10:16','работа','Ищенко А.А.','возвращен','подпитка','F031','2017-08-17 09:10:16','2017-08-17 10:46:46','',0001272,0000102,NULL),(0000064,'2017-08-17 09:11:48','работа','Коваленко А.Н.','выдан','конвейер_сборка','P049','2017-08-17 09:11:48',NULL,'',0001092,0000049,NULL),(0000065,'2017-08-17 09:11:56','работа','Полушина Р.В.','выдан','конвейер_сборка','P015','2017-08-17 09:11:56',NULL,'',0001296,0000015,NULL),(0000066,'2017-08-17 09:12:17','работа','Шендрик Л.В.','возвращен','конвейер_сборка','P004','2017-08-17 09:12:17','2017-08-17 17:34:12','',0001135,0000004,NULL),(0000067,'2017-08-17 09:12:26','работа','Алдошина А.П.','выдан','конвейер_сборка','P023','2017-08-17 09:12:26',NULL,'',0001129,0000023,NULL),(0000068,'2017-08-17 09:13:59','работа','Кайбагарова Д.К','выдан','конвейер_сборка','P017','2017-08-17 09:13:59',NULL,'',0001270,0000017,NULL),(0000069,'2017-08-17 09:14:15','работа','Леднева  Е.А.','выдан','конвейер_сборка','P013','2017-08-17 09:14:15',NULL,'',0001107,0000013,NULL),(0000070,'2017-08-17 09:15:01','работа','Кондромашина А.А.','выдан','конвейер_сборка','P002','2017-08-17 09:15:01',NULL,'',0001295,0000002,NULL),(0000071,'2017-08-17 09:15:10','работа','Савочкина С.Ю.','выдан','конвейер_сборка','P003','2017-08-17 09:15:10',NULL,'',0001140,0000003,NULL),(0000072,'2017-08-17 09:15:14','работа','Монахова А.В.','выдан','конвейер_сборка','P006','2017-08-17 09:15:14',NULL,'',0001131,0000006,NULL),(0000073,'2017-08-17 09:19:02','работа','Старостенко А.В.','выдан','конвейер_сборка','P060','2017-08-17 09:19:02',NULL,'',0001258,0000060,NULL),(0000074,'2017-08-17 09:23:10','работа','Ковалев Ф.И.','возвращен','конвейер_сборка','P070','2017-08-17 09:23:10','2017-08-17 14:09:02','',0001302,0000070,NULL),(0000075,'2017-08-17 09:24:54','работа','Ховренков И.Н.','возвращен','рация','R016','2017-08-17 09:24:54','2017-08-17 09:26:08','',0001202,NULL,9900012),(0000076,'2017-08-17 09:27:22','работа','Ховренков И.Н.','выдан','рация','R001','2017-08-17 09:27:22',NULL,'',0001202,NULL,9900001),(0000077,'2017-08-17 09:33:47','работа','Кретова А.П.','выдан','конвейер_сборка','P045','2017-08-17 09:33:47',NULL,'',0001133,0000045,NULL),(0000078,'2017-08-17 09:39:37','работа','Пшеничная Д. К.','выдан','конвейер_сборка','P042','2017-08-17 09:39:37',NULL,'',0000553,0000042,NULL),(0000079,'2017-08-17 09:47:23','работа','Риккерд Ю.В.','выдан','подпитка','F017','2017-08-17 09:47:23',NULL,'',0000790,0000088,NULL),(0000080,'2017-08-17 09:47:29','работа','Риккерд Ю.В.','выдан','конвейер_сборка','P056','2017-08-17 09:47:29',NULL,'',0000790,0000056,NULL),(0000081,'2017-08-17 09:48:41','работа','Евтушенко Е. В.','выдан','рация','R016','2017-08-17 09:48:41',NULL,'',0000925,NULL,9900012),(0000082,'2017-08-17 09:51:04','работа','Демин С.А.','выдан','рация','R017','2017-08-17 09:51:04',NULL,'',0000826,NULL,9900013),(0000083,'2017-08-17 09:54:00','работа','Майонова В. В.','возвращен','подпитка','F020','2017-08-17 09:54:00','2017-08-17 10:41:59','',0000905,0000091,NULL),(0000084,'2017-08-17 09:54:07','работа','Бабенко В.А.','возвращен','подпитка','F039','2017-08-17 09:54:07','2017-08-17 10:43:27','',0000716,0000110,NULL),(0000085,'2017-08-17 10:42:11','работа','Майонова В. В.','выдан','конвейер_сборка','P005','2017-08-17 10:42:11',NULL,'',0000905,0000005,NULL),(0000086,'2017-08-17 10:42:22','работа','Восканян С.С.','выдан','конвейер_сборка','P008','2017-08-17 10:42:22',NULL,'',0001221,0000008,NULL),(0000087,'2017-08-17 10:42:26','работа','Кондов В.Г.','выдан','конвейер_сборка','P040','2017-08-17 10:42:26',NULL,'',0001205,0000040,NULL),(0000088,'2017-08-17 10:42:33','работа','Харченко А.И.','выдан','конвейер_сборка','P022','2017-08-17 10:42:33',NULL,'',0001220,0000022,NULL),(0000089,'2017-08-17 10:43:50','работа','Бабенко В.А.','выдан','конвейер_сборка','P059','2017-08-17 10:43:50',NULL,'',0000716,0000059,NULL),(0000090,'2017-08-17 10:44:03','работа','Воронов К.Ю.','выдан','конвейер_сборка','P007','2017-08-17 10:44:03',NULL,'',0001147,0000007,NULL),(0000091,'2017-08-17 11:34:41','работа','Голякова Т.В.','выдан','конвейер_сборка','P043','2017-08-17 11:34:41',NULL,'',0000409,0000043,NULL),(0000092,'2017-08-17 11:34:52','работа','Безызвестный С. В.','выдан','конвейер_сборка','P058','2017-08-17 11:34:52',NULL,'',0000334,0000058,NULL),(0000093,'2017-08-17 11:44:18','работа','Шпонько М. Ю.','выдан','конвейер_сборка','P057','2017-08-17 11:44:18',NULL,'',0000975,0000057,NULL),(0000094,'2017-08-17 11:45:14','работа','Крюков В.Н.','выдан','конвейер_сборка','P068','2017-08-17 11:45:14',NULL,'',0001138,0000068,NULL),(0000095,'2017-08-17 11:48:38','работа','Початкова Е.Ю.','выдан','конвейер_сборка','P016','2017-08-17 11:48:38',NULL,'',0001288,0000016,NULL),(0000096,'2017-08-17 11:48:58','работа','Воробьева Мирца Дмитриевна','выдан','конвейер_сборка','P035','2017-08-17 11:48:58',NULL,'',0001035,0000035,NULL),(0000097,'2017-08-17 11:50:29','работа','Безверхий С.А.','выдан','конвейер_сборка','P019','2017-08-17 11:50:29',NULL,'',0001287,0000019,NULL),(0000098,'2017-08-17 11:57:14','работа','Седова В.П.','выдан','конвейер_сборка','P037','2017-08-17 11:57:14',NULL,'',0001144,0000037,NULL),(0000099,'2017-08-17 11:57:23','работа','Кафанова И.И.','выдан','конвейер_сборка','P021','2017-08-17 11:57:23',NULL,'',0000774,0000021,NULL),(0000100,'2017-08-17 12:03:36','работа','Ватулина А.А.','выдан','конвейер_сборка','P020','2017-08-17 12:03:36',NULL,'',0000891,0000020,NULL),(0000101,'2017-08-17 12:08:14','работа','Виличинская  О.В.','выдан','конвейер_сборка','P011','2017-08-17 12:08:14',NULL,'',0001043,0000011,NULL),(0000102,'2017-08-17 12:30:51','работа','Костин Д.','выдан','конвейер_сборка','P025','2017-08-17 12:30:51',NULL,'',0000987,0000025,NULL),(0000103,'2017-08-17 12:31:06','работа','Костин Д.','выдан','подпитка','F001','2017-08-17 12:31:06',NULL,'',0000987,0000071,NULL),(0000104,'2017-08-17 13:56:20','работа','Хлебутин И.П.','выдан','конвейер_сборка','P067','2017-08-17 13:56:20',NULL,'',0001191,0000067,NULL),(0000105,'2017-08-17 14:13:07','работа','Мурыгин Э.Р.','выдан','подпитка','F002','2017-08-17 14:13:07',NULL,'',0000601,0000073,NULL),(0000106,'2017-08-17 14:49:38','работа','Ачмиз А.А.','выдан','конвейер_сборка','P061','2017-08-17 14:49:38',NULL,'',0001145,0000061,NULL),(0000107,'2017-08-17 15:07:27','работа','Неженцев Д.М.','выдан','конвейер_сборка','P064','2017-08-17 15:07:27',NULL,'',0000679,0000064,NULL),(0000108,'2017-08-17 15:54:31','работа','Кондромашин Е.С.','выдан','конвейер_сборка','P069','2017-08-17 15:54:31',NULL,'',0001152,0000069,NULL),(0000109,'2017-08-17 15:56:41','работа','Федонов Г.В.   ','выдан','подпитка','F020','2017-08-17 15:56:41',NULL,'',0000396,0000091,NULL),(0000110,'2017-08-17 15:56:47','работа','Таймез А.','выдан','подпитка','F015','2017-08-17 15:56:47',NULL,'',0000288,0000086,NULL),(0000111,'2017-08-17 15:56:59','работа','Каспарьян Э.Г.','выдан','конвейер_сборка','P063','2017-08-17 15:56:59',NULL,'',0001037,0000063,NULL),(0000112,'2017-08-17 15:57:08','работа','Федонов Г.В.   ','выдан','рация','R018','2017-08-17 15:57:08',NULL,'',0000396,NULL,9900014),(0000113,'2017-08-17 15:57:51','работа','Ус И.А.','выдан','конвейер_сборка','P062','2017-08-17 15:57:51',NULL,'',0001036,0000062,NULL),(0000114,'2017-08-17 15:59:05','работа','Бабкин С.А.','выдан','подпитка','F013','2017-08-17 15:59:05',NULL,'',0001283,0000084,NULL),(0000115,'2017-08-17 15:59:09','работа','Шипилов Д.Г.','выдан','рация','R023','2017-08-17 15:59:09',NULL,'',0001261,NULL,9900019),(0000116,'2017-08-17 15:59:13','работа','Шипилов Д.Г.','выдан','подпитка','F007','2017-08-17 15:59:13',NULL,'',0001261,0000078,NULL),(0000117,'2017-08-17 15:59:43','работа','Кириченко А.В.','выдан','подпитка','F029','2017-08-17 15:59:43',NULL,'',0001282,0000100,NULL),(0000118,'2017-08-17 16:00:05','работа','Кириченко А.В.','возвращен','рация','R011','2017-08-17 16:00:05','2017-08-17 16:00:39','',0001282,NULL,9900009),(0000119,'2017-08-17 17:03:13','работа','Полушина Л. В.','выдан','конвейер_сборка','P026','2017-08-17 17:03:13',NULL,'',0000540,0000026,NULL),(0000120,'2017-08-17 17:06:06','работа','Мартынов Д.В.','выдан','конвейер_сборка','P027','2017-08-17 17:06:06',NULL,'',0001197,0000027,NULL),(0000121,'2017-08-17 17:16:18','работа','Провоторова И.В.','выдан','конвейер_сборка','P050','2017-08-17 17:16:18',NULL,'',0001208,0000050,NULL),(0000122,'2017-08-17 17:34:21','работа','Артюх С. А.','выдан','конвейер_сборка','P004','2017-08-17 17:34:21',NULL,'',0000547,0000004,NULL);
/*!40000 ALTER TABLE `rt_log` ENABLE KEYS */;
UNLOCK TABLES;

--
-- Table structure for table `rt_radio`
--

DROP TABLE IF EXISTS `rt_radio`;
/*!40101 SET @saved_cs_client     = @@character_set_client */;
/*!40101 SET character_set_client = utf8 */;
CREATE TABLE `rt_radio` (
  `id` int(7) unsigned NOT NULL,
  `number` varchar(5) NOT NULL,
  `model` varchar(80) NOT NULL,
  `sn` varchar(80) NOT NULL,
  `cond` varchar(80) DEFAULT NULL,
  `available` varchar(80) NOT NULL,
  `description` mediumtext,
  PRIMARY KEY (`id`),
  UNIQUE KEY `id_UNIQUE` (`id`),
  UNIQUE KEY `number_UNIQUE` (`number`),
  UNIQUE KEY `sn_UNIQUE` (`sn`)
) ENGINE=InnoDB DEFAULT CHARSET=utf8;
/*!40101 SET character_set_client = @saved_cs_client */;

--
-- Dumping data for table `rt_radio`
--

LOCK TABLES `rt_radio` WRITE;
/*!40000 ALTER TABLE `rt_radio` DISABLE KEYS */;
INSERT INTO `rt_radio` VALUES (9900001,'R001','Joker TK-450S','150600478','исправен','нет','операторы конвейера'),(9900002,'R004','Joker TK-450S','150600674','исправен','нет','диспетчер'),(9900003,'R003','Joker TK-450S','150600977','исправен','нет','техники'),(9900004,'R006','Joker TK-450S','150600510','исправен','нет',''),(9900005,'R007','Joker TK-450S','150600476','исправен','нет','главный инженер'),(9900006,'R008','Joker TK-450S','150600574','исправен','нет',''),(9900007,'R009','Joker TK-450S','150600523','исправен','да',''),(9900008,'R010','Joker TK-450S','150600989','исправен','нет','техподдержка'),(9900009,'R011','Joker TK-450S','150600987','исправен','да',''),(9900010,'R012','Joker TK-450S','150600493','исправен','нет','товароведы (борцова/омельченко)'),(9900011,'R015','Joker TK-450S','150600481','исправен','нет','учетная группа'),(9900012,'R016','Joker TK-450S','150600579','исправен','нет','приемка - за евтушенко'),(9900013,'R017','Joker TK-450S','150600020','исправен','нет','приемка (демин с.а.)'),(9900014,'R018','Joker TK-450S','150600050','исправен','нет',''),(9900015,'R019','Joker TK-450S','150600631','исправен','нет',''),(9900016,'R020','Joker TK-450S','150600580','исправен','нет','техники'),(9900017,'R021','Joker TK-450S','150600492','исправен','да',''),(9900018,'R022','Joker TK-450S','150600506','исправен','нет',''),(9900019,'R023','Joker TK-450S','150600107','исправен','нет',''),(9900020,'R024','Joker TK-450S','150600072','исправен','да',''),(9900021,'R025','Joker TK-450S','150600524','исправен','нет','начальник смены'),(9900022,'R026','Joker TK-450S','150600126','исправен','нет','');
/*!40000 ALTER TABLE `rt_radio` ENABLE KEYS */;
UNLOCK TABLES;

--
-- Table structure for table `rt_users`
--

DROP TABLE IF EXISTS `rt_users`;
/*!40101 SET @saved_cs_client     = @@character_set_client */;
/*!40101 SET character_set_client = utf8 */;
CREATE TABLE `rt_users` (
  `id` int(7) unsigned zerofill NOT NULL,
  `name` varchar(80) CHARACTER SET utf8 NOT NULL,
  `position` varchar(80) CHARACTER SET utf8 NOT NULL,
  `curr_term` varchar(80) COLLATE utf8_unicode_ci DEFAULT '',
  `curr_rtsd` varchar(80) COLLATE utf8_unicode_ci DEFAULT '',
  `curr_radio` varchar(80) COLLATE utf8_unicode_ci DEFAULT '',
  PRIMARY KEY (`id`),
  UNIQUE KEY `id_UNIQUE` (`id`),
  UNIQUE KEY `name_UNIQUE` (`name`),
  KEY `index4` (`name`)
) ENGINE=InnoDB DEFAULT CHARSET=utf8 COLLATE=utf8_unicode_ci;
/*!40101 SET character_set_client = @saved_cs_client */;

--
-- Dumping data for table `rt_users`
--

LOCK TABLES `rt_users` WRITE;
/*!40000 ALTER TABLE `rt_users` DISABLE KEYS */;
INSERT INTO `rt_users` VALUES (0000090,'Литвинова П.П.','комплектовщик','',NULL,NULL),(0000092,'Асташова Л.В.','комплектовщик','',NULL,NULL),(0000118,'Волохов Д.В.','товаровед',NULL,NULL,NULL),(0000126,'Глебова','комплектовщик',NULL,NULL,NULL),(0000127,'Глебова А. В.','комплектовщик',NULL,NULL,NULL),(0000129,'Сморкалова','комплектовщик',NULL,NULL,NULL),(0000130,'Пестрикова','комплектовщик',NULL,NULL,NULL),(0000133,'Тимкин','комплектовщик',NULL,NULL,NULL),(0000138,'Тимофеева','комплектовщик',NULL,NULL,NULL),(0000140,'ПоповаРА','комплектовщик',NULL,NULL,NULL),(0000142,'Чвикайлова','комплектовщик',NULL,NULL,NULL),(0000152,'Колесникова Е. А.','комплектовщик',NULL,NULL,NULL),(0000153,'Никишина Н. Н.','комплектовщик',NULL,NULL,NULL),(0000154,'Михайлов','комплектовщик',NULL,NULL,NULL),(0000156,'Шугай Е.А.','комплектовщик','',NULL,NULL),(0000157,'Елизарова К. И.','комплектовщик',NULL,NULL,NULL),(0000158,'Волков М. В.','комплектовщик',NULL,'',NULL),(0000159,'Неровный А.С.','комплектовщик',NULL,NULL,NULL),(0000162,'Радько А. Ю.','комплектовщик',NULL,NULL,NULL),(0000163,'Григорьев А.А','комплектовщик',NULL,NULL,NULL),(0000164,'Павлов Д.А','комплектовщик',NULL,NULL,NULL),(0000165,'Мазуренко С.И','комплектовщик',NULL,NULL,NULL),(0000166,'Филиппенко В. В.','комплектовщик',NULL,NULL,NULL),(0000167,'Тихова Е. Н.','комплектовщик',NULL,NULL,NULL),(0000169,'Варзова А. С.','комплектовщик',NULL,NULL,NULL),(0000170,'Лапчева Т. И.','комплектовщик',NULL,NULL,NULL),(0000171,'Гордова А. А.','комплектовщик',NULL,NULL,NULL),(0000172,'Музафарова В. Н.','комплектовщик',NULL,NULL,NULL),(0000173,'Бирюков А. И.','комплектовщик',NULL,NULL,NULL),(0000174,'Степанов А.А','комплектовщик',NULL,'',NULL),(0000175,'Кашкаров В. И.','комплектовщик',NULL,NULL,NULL),(0000176,'Казаков И. В.','комплектовщик',NULL,NULL,NULL),(0000177,'Неровный.А.С','комплектовщик',NULL,NULL,NULL),(0000178,'Рыбчевский О. А.','комплектовщик',NULL,NULL,NULL),(0000179,'Корсак О. В.','комплектовщик',NULL,NULL,NULL),(0000181,'Грачев Е. С.','комплектовщик',NULL,NULL,NULL),(0000182,'Пилюк И. В.','комплектовщик',NULL,NULL,NULL),(0000183,'Демидова И. А.','комплектовщик',NULL,NULL,NULL),(0000184,'Нерушай Я. В.','комплектовщик',NULL,NULL,NULL),(0000185,'Костенко Е. И.','комплектовщик',NULL,NULL,NULL),(0000186,'Шишков М. В.','комплектовщик',NULL,NULL,NULL),(0000187,'Давыдов М. В.','комплектовщик',NULL,NULL,NULL),(0000188,'Крапивка Е. П.','комплектовщик',NULL,NULL,NULL),(0000189,'Губина О. А.','комплектовщик',NULL,NULL,NULL),(0000190,'Неруцкая Г. А.','комплектовщик',NULL,NULL,NULL),(0000191,'Рябцева Е. С.','комплектовщик',NULL,NULL,NULL),(0000192,'Тлехас М. А.','комплектовщик',NULL,NULL,NULL),(0000193,'Досикова А. Г.','комплектовщик',NULL,NULL,NULL),(0000194,'Дубовик С. М.','комплектовщик',NULL,NULL,NULL),(0000197,'Смирнова Н. Н.','комплектовщик',NULL,NULL,NULL),(0000199,'Додевич Л. В.','комплектовщик',NULL,NULL,NULL),(0000200,'Гладилина Т. С.','комплектовщик',NULL,NULL,NULL),(0000202,'Тихонова Н. А.','комплектовщик','',NULL,NULL),(0000203,'Губерком Э. О.','комплектовщик',NULL,NULL,NULL),(0000204,'Журавлёва О. В.','комплектовщик',NULL,NULL,NULL),(0000205,'Неровная Е. А.','комплектовщик',NULL,NULL,NULL),(0000208,'Русакова Е.','комплектовщик',NULL,NULL,NULL),(0000210,'Сидоренко Артем Владимирович','комплектовщик',NULL,NULL,NULL),(0000211,'Сидоренко А.В.','комплектовщик',NULL,NULL,NULL),(0000212,'Малахова Р.С.','комплектовщик',NULL,NULL,NULL),(0000215,'Зебницкая Ирина Павловна','комплектовщик',NULL,NULL,NULL),(0000220,'Курлова С.','комплектовщик',NULL,NULL,NULL),(0000221,'Науменко Д.','комплектовщик',NULL,NULL,NULL),(0000227,'Рыжков В.В.','комплектовщик',NULL,NULL,NULL),(0000228,'Галиуллина Л. И.','комплектовщик',NULL,NULL,NULL),(0000229,'Мальцев А.И.','комплектовщик',NULL,NULL,NULL),(0000230,'Борцова Е. В.','товаровед',NULL,NULL,NULL),(0000237,'Зиберова Г. В.','комплектовщик',NULL,NULL,NULL),(0000238,'Покладов В. С.','комплектовщик',NULL,NULL,NULL),(0000241,'Янова Л. Н.','комплектовщик',NULL,NULL,NULL),(0000242,'Канцедал В. В.','комплектовщик',NULL,NULL,NULL),(0000243,'Ведь К.Ю','комплектовщик',NULL,NULL,NULL),(0000244,'Бритков В. В.','комплектовщик',NULL,NULL,NULL),(0000246,'Шипулин В.В.','комплектовщик',NULL,NULL,NULL),(0000247,'Филиппова И. С.','комплектовщик',NULL,NULL,NULL),(0000248,'Назарова С. Н.','комплектовщик',NULL,NULL,NULL),(0000249,'Долгая Л. Ф.','комплектовщик',NULL,NULL,NULL),(0000250,'Циприс А. В.','комплектовщик',NULL,NULL,NULL),(0000251,'Кривоногова В. В.','комплектовщик',NULL,NULL,NULL),(0000252,'Имаев А. М.','комплектовщик',NULL,NULL,NULL),(0000253,'Имаева Е. М.','комплектовщик',NULL,NULL,NULL),(0000254,'Мартыненко М. Ю.','комплектовщик',NULL,NULL,NULL),(0000255,'Латфулина А. М.','комплектовщик',NULL,NULL,NULL),(0000257,'Головина О. А.','комплектовщик',NULL,NULL,NULL),(0000258,'Картошкина О. А.','комплектовщик',NULL,NULL,NULL),(0000259,'Хабаров В. А.','комплектовщик',NULL,NULL,NULL),(0000260,'Шевчук Е. А.','комплектовщик',NULL,NULL,NULL),(0000261,'Негреба Е. В.','комплектовщик',NULL,NULL,NULL),(0000262,'Ильюшнев А. Н.','комплектовщик',NULL,NULL,NULL),(0000263,'Ильюшнева А. И.','комплектовщик',NULL,NULL,NULL),(0000264,'Яровой А. В.','комплектовщик',NULL,NULL,NULL),(0000265,'Дзюба С. А.','комплектовщик',NULL,NULL,NULL),(0000266,'Ломов Э. А.','комплектовщик',NULL,NULL,NULL),(0000267,'Габрелян Э. Г.','комплектовщик',NULL,NULL,NULL),(0000268,'Огренич В. В.','комплектовщик',NULL,NULL,NULL),(0000269,'Павленко О. Ю.','комплектовщик',NULL,NULL,NULL),(0000270,'Массалитин А. А.','комплектовщик',NULL,NULL,NULL),(0000271,'Звездилов А. А.','комплектовщик',NULL,NULL,NULL),(0000272,'Вахрушев Ю.В.','комплектовщик',NULL,NULL,NULL),(0000273,'Соловых Е.А.','комплектовщик',NULL,NULL,NULL),(0000274,'Драй В.В.','комплектовщик',NULL,NULL,NULL),(0000275,'Архипова А.В.','комплектовщик',NULL,NULL,NULL),(0000277,'Архипова А. В.','комплектовщик',NULL,NULL,NULL),(0000278,'Драй В. В.','комплектовщик',NULL,NULL,NULL),(0000279,'Смахтин Р.С.','комплектовщик',NULL,NULL,NULL),(0000280,'Коваленко Г. В.','комплектовщик',NULL,NULL,NULL),(0000281,'Выскворкина Л. Г.','комплектовщик',NULL,NULL,NULL),(0000282,'Стрекалов В. А.','комплектовщик',NULL,NULL,NULL),(0000284,'Петров Д. Д.','комплектовщик',NULL,NULL,NULL),(0000285,'Быков А. С.','комплектовщик',NULL,NULL,NULL),(0000286,'Бобровникова Е. С.','комплектовщик',NULL,NULL,NULL),(0000288,'Таймез А.','комплектовщик',NULL,'F015',NULL),(0000289,'Андреев В.','комплектовщик',NULL,NULL,NULL),(0000290,'Холодков Д. А.','комплектовщик',NULL,NULL,NULL),(0000291,'Хлыстунов Д. Н.','комплектовщик',NULL,NULL,NULL),(0000292,'Рыбальченко К. Ю.','комплектовщик',NULL,NULL,NULL),(0000294,'Исмоилов М. Х.','комплектовщик',NULL,NULL,NULL),(0000295,'Шестаков А. В.','комплектовщик',NULL,NULL,NULL),(0000296,'Ткачев В. Е.','комплектовщик',NULL,NULL,NULL),(0000297,'Данилин Э. В.','комплектовщик',NULL,NULL,NULL),(0000298,'Дёмин С. А.','комплектовщик',NULL,NULL,NULL),(0000299,'Максимюк Д.Е.','комплектовщик',NULL,NULL,NULL),(0000300,'Дубровина А. В.','комплектовщик',NULL,NULL,NULL),(0000301,'Гавина В. А.','комплектовщик',NULL,NULL,NULL),(0000302,'Корененко А. В.','комплектовщик',NULL,NULL,NULL),(0000303,'Спесивцев А. В.','комплектовщик',NULL,NULL,NULL),(0000304,'Дибцев А. Г.','комплектовщик','',NULL,NULL),(0000305,'Ткачев Ю. А.','комплектовщик',NULL,NULL,NULL),(0000306,'Войтусенко Т.','комплектовщик',NULL,NULL,NULL),(0000307,'Гуряшина И. В.','комплектовщик',NULL,NULL,NULL),(0000308,'Кандрухина Н. А.','комплектовщик',NULL,NULL,NULL),(0000309,'Языкова О. А.','комплектовщик',NULL,NULL,NULL),(0000310,'Лысач О. В.','комплектовщик',NULL,NULL,NULL),(0000311,'Щурова Ж.','комплектовщик',NULL,NULL,NULL),(0000312,'Колесникова Е.','комплектовщик',NULL,NULL,NULL),(0000313,'Череповский А. В.','комплектовщик',NULL,NULL,NULL),(0000314,'Чеканова Л. О.','комплектовщик',NULL,NULL,NULL),(0000316,'Казанцева Н. Ю.','комплектовщик','','',NULL),(0000317,'Даниленко А. С.','комплектовщик',NULL,NULL,NULL),(0000318,'Подоплелова И. В.','комплектовщик',NULL,NULL,NULL),(0000320,'Васильева Н. Н.','комплектовщик',NULL,NULL,NULL),(0000324,'Мешков В.','комплектовщик',NULL,NULL,NULL),(0000325,'Юринов А. Н.','комплектовщик',NULL,NULL,NULL),(0000326,'Ефимченко О. В.','комплектовщик',NULL,NULL,NULL),(0000327,'Минаев В. Ю.','комплектовщик',NULL,NULL,NULL),(0000328,'Суховой Г. В.','комплектовщик',NULL,NULL,NULL),(0000330,'Хлопотина В.П.','комплектовщик',NULL,NULL,NULL),(0000331,'Латынникова Н.В.','комплектовщик',NULL,NULL,NULL),(0000334,'Безызвестный С. В.','комплектовщик','P058',NULL,NULL),(0000335,'Тамоев А. А.','комплектовщик',NULL,NULL,NULL),(0000336,'Банвер А','комплектовщик',NULL,NULL,NULL),(0000337,'Кожухова Т. А.','комплектовщик',NULL,NULL,NULL),(0000338,'Петриченко О. В.','комплектовщик',NULL,NULL,NULL),(0000339,'Левченко Н.Г.','комплектовщик',NULL,NULL,NULL),(0000340,'Щербакова С. Б.','комплектовщик',NULL,NULL,NULL),(0000341,'Сергеева Н. А.','комплектовщик',NULL,NULL,NULL),(0000342,'Демидов О. А.','комплектовщик',NULL,NULL,NULL),(0000343,'Завражнов О. В.','комплектовщик',NULL,NULL,NULL),(0000349,'Филонов Е. В.','комплектовщик',NULL,NULL,NULL),(0000350,'Кобзев А. П.','комплектовщик',NULL,NULL,NULL),(0000351,'Шрамов И.А.','комплектовщик',NULL,NULL,NULL),(0000352,'Зиновьева А.М.','комплектовщик',NULL,NULL,NULL),(0000353,'Кусакина И.В.','комплектовщик',NULL,NULL,NULL),(0000354,'Коляденкова Т. А.','комплектовщик',NULL,NULL,NULL),(0000355,'Гомонова Е. И.','комплектовщик','',NULL,NULL),(0000359,'Марченко В.С.','комплектовщик',NULL,NULL,NULL),(0000361,'Лукин С. В.','комплектовщик',NULL,NULL,NULL),(0000362,'Буршанов А. М.','комплектовщик',NULL,NULL,NULL),(0000363,'Березина И. Н.','комплектовщик',NULL,NULL,NULL),(0000364,'Григорьев В. П.','комплектовщик',NULL,NULL,NULL),(0000366,'Мацаков А. В.','комплектовщик',NULL,NULL,NULL),(0000367,'Мацакова Е. Н.','комплектовщик',NULL,NULL,NULL),(0000369,'Кулагина Н. Н.','комплектовщик',NULL,NULL,NULL),(0000370,'Дмитров Г. Р.','комплектовщик','','F019','R019'),(0000372,'Сахарова Е. В.','комплектовщик',NULL,NULL,NULL),(0000373,'Куделина М. В.','комплектовщик',NULL,NULL,NULL),(0000374,'Лазарева А. Е.','комплектовщик','',NULL,NULL),(0000375,'Куликов И. П.','комплектовщик',NULL,NULL,NULL),(0000376,'Куликова Ю. П.','комплектовщик',NULL,NULL,NULL),(0000378,'Масловская А.Р.','комплектовщик',NULL,NULL,NULL),(0000380,'Музыка С. В.','комплектовщик',NULL,NULL,NULL),(0000381,'Табакова Л. П.','комплектовщик',NULL,NULL,NULL),(0000382,'Чурарь Э. Я.','комплектовщик',NULL,NULL,NULL),(0000383,'Сергиенко О. Ю.','комплектовщик',NULL,NULL,NULL),(0000384,'Сергиенко О.Ю.','комплектовщик',NULL,NULL,NULL),(0000385,'Олейникова Т.','комплектовщик',NULL,NULL,NULL),(0000386,'Аубакирова М. А.','комплектовщик',NULL,NULL,NULL),(0000388,'Гусейнов М. Т. О.','комплектовщик',NULL,NULL,NULL),(0000393,'Колесников М.А.','комплектовщик','','',''),(0000395,'Куричев С.','комплектовщик',NULL,NULL,''),(0000396,'Федонов Г.В.   ','комплектовщик','','F020','R018'),(0000397,'Минин А. В.','комплектовщик',NULL,NULL,NULL),(0000398,'Звездилов А. С.','комплектовщик',NULL,NULL,NULL),(0000399,'ЗайцеваМА','комплектовщик',NULL,NULL,NULL),(0000400,'Никонов А. Г.','комплектовщик',NULL,NULL,NULL),(0000402,'Ступак Ю. Б.','комплектовщик',NULL,NULL,NULL),(0000403,'Савченко Е.А.','комплектовщик',NULL,NULL,NULL),(0000404,'Зайцева С.Ю.','комплектовщик',NULL,NULL,NULL),(0000405,'Гладченко В.В.','комплектовщик',NULL,NULL,NULL),(0000407,'Добрынина Т.В.','комплектовщик',NULL,NULL,NULL),(0000408,'Четвериков Ю.Ю.','комплектовщик',NULL,NULL,NULL),(0000409,'Голякова Т.В.','комплектовщик','P043',NULL,NULL),(0000410,'Будасова В. В.','комплектовщик',NULL,NULL,NULL),(0000411,'Кулик О.А.','комплектовщик',NULL,NULL,NULL),(0000412,'Бибик М.А.','комплектовщик',NULL,NULL,NULL),(0000416,'Талалаева И. В.','комплектовщик',NULL,NULL,NULL),(0000419,'Зубенко А. О.','комплектовщик',NULL,NULL,NULL),(0000421,'Лысенко Д. А.','комплектовщик',NULL,NULL,NULL),(0000422,'Дурыцына И. А.','комплектовщик',NULL,NULL,NULL),(0000423,'Кичкина Ю. А.','комплектовщик',NULL,NULL,NULL),(0000425,'Номоконова С. Г.','комплектовщик',NULL,NULL,NULL),(0000426,'Савина Т. К.','комплектовщик',NULL,NULL,NULL),(0000427,'Бобова Е. И.','комплектовщик',NULL,NULL,NULL),(0000428,'Чалых Р. В.','комплектовщик',NULL,NULL,NULL),(0000431,'Шумихин Б. В.','комплектовщик',NULL,NULL,NULL),(0000432,'Манюков Е. А.','комплектовщик',NULL,NULL,NULL),(0000433,'Скрыль В. Д.','комплектовщик',NULL,NULL,NULL),(0000434,'Чубкова С. А.','комплектовщик',NULL,NULL,NULL),(0000435,'Лиманская В. В.','комплектовщик',NULL,NULL,NULL),(0000436,'Шелепнев М.','комплектовщик',NULL,NULL,NULL),(0000437,'Прохорова О. В.','комплектовщик',NULL,NULL,NULL),(0000438,'Лысов А. Ю.','комплектовщик',NULL,NULL,NULL),(0000440,'Перцева С. Е.','комплектовщик',NULL,NULL,NULL),(0000441,'Штырова Н. Г.','комплектовщик',NULL,NULL,NULL),(0000443,'Шуракова И.В.','комплектовщик',NULL,NULL,NULL),(0000444,'Храмеев Е.М.','комплектовщик','','',''),(0000445,'Чудакова Н. Ю.','комплектовщик',NULL,NULL,NULL),(0000448,'Рябоконь Л. И.','комплектовщик',NULL,NULL,NULL),(0000449,'Перин В. И.','комплектовщик',NULL,NULL,NULL),(0000450,'Бугаева Н. А.','комплектовщик',NULL,NULL,NULL),(0000451,'Федоров И. О.','комплектовщик',NULL,NULL,NULL),(0000452,'Малахова','комплектовщик',NULL,NULL,NULL),(0000453,'Сотрудник 1','комплектовщик',NULL,NULL,NULL),(0000454,'Сотрудник 2','комплектовщик',NULL,NULL,NULL),(0000455,'Сотрудник 3','комплектовщик',NULL,NULL,NULL),(0000456,'Вовченко Е. С.','комплектовщик',NULL,NULL,NULL),(0000457,'Сафаралиев Р. А.','комплектовщик',NULL,NULL,NULL),(0000460,'Пчельникова А. С.','комплектовщик',NULL,NULL,NULL),(0000461,'Рыбальченко Ю. К.','комплектовщик',NULL,NULL,NULL),(0000462,'Зайцев И. А.','комплектовщик',NULL,NULL,NULL),(0000463,'Блинов С.А.','комплектовщик',NULL,NULL,NULL),(0000464,'Олейникова Э.В.','комплектовщик',NULL,NULL,NULL),(0000466,'Шереметова А. В.','комплектовщик',NULL,NULL,NULL),(0000467,'Евтушенко Ж. А.','комплектовщик',NULL,NULL,NULL),(0000469,'Лагутина Л.В.','комплектовщик',NULL,NULL,NULL),(0000470,'Лагутина Ю.В.','комплектовщик',NULL,NULL,NULL),(0000471,'Попов А.А.','комплектовщик',NULL,NULL,NULL),(0000473,'Соболев Д. Н.','комплектовщик',NULL,NULL,NULL),(0000474,'Мясникова Э. С.','комплектовщик',NULL,NULL,NULL),(0000475,'Степанов Р. А.','комплектовщик',NULL,NULL,NULL),(0000477,'Толопченко Г. В.','комплектовщик',NULL,NULL,NULL),(0000478,'Волчкова Г. В.','комплектовщик',NULL,NULL,NULL),(0000479,'Нурмагомедов О. М.','комплектовщик',NULL,NULL,NULL),(0000480,'Крючкова Т.Н.','комплектовщик',NULL,NULL,NULL),(0000481,'Бантыш А.М.','комплектовщик',NULL,NULL,NULL),(0000482,'Николаевская М.В.','комплектовщик',NULL,NULL,NULL),(0000483,'Садовникова Е.П.','комплектовщик',NULL,NULL,NULL),(0000484,'Вайсберг Л.Д.','комплектовщик',NULL,NULL,NULL),(0000486,'Тен Л.А.','комплектовщик',NULL,NULL,NULL),(0000488,'Чурикова Е.Н.','комплектовщик',NULL,NULL,NULL),(0000489,'Никифоров Р.А.','комплектовщик',NULL,NULL,NULL),(0000490,'Крючкова Т.И.','комплектовщик',NULL,NULL,NULL),(0000493,'Стужук С.В.','комплектовщик',NULL,NULL,NULL),(0000494,'Фурманов К.Б.','комплектовщик',NULL,NULL,NULL),(0000495,'Комаров И. Д.','комплектовщик',NULL,NULL,NULL),(0000497,'Сантуров В. А.','комплектовщик',NULL,NULL,NULL),(0000498,'Мильченко С. В.','комплектовщик',NULL,NULL,NULL),(0000499,'Саприкина Э. А.','комплектовщик',NULL,NULL,NULL),(0000500,'Нор Р. В.','комплектовщик',NULL,NULL,NULL),(0000501,'Литвиненко В. В.','комплектовщик',NULL,NULL,NULL),(0000502,'Кимберг Ю. В.','комплектовщик',NULL,NULL,NULL),(0000503,'Ванцов В. А.','комплектовщик',NULL,NULL,NULL),(0000504,'Малинина М. М.','комплектовщик',NULL,NULL,NULL),(0000505,'Остапенко А. И.','комплектовщик',NULL,NULL,NULL),(0000507,'Олейникова А. М.','комплектовщик',NULL,NULL,NULL),(0000508,'Бессалая М. М.','комплектовщик',NULL,NULL,NULL),(0000509,'Косо-Оглы А. У.','комплектовщик',NULL,NULL,NULL),(0000510,'Пирмухамедов Т. А.','комплектовщик',NULL,NULL,NULL),(0000511,'Шиншинова Ю.В.','комплектовщик',NULL,NULL,NULL),(0000512,'Власенко О. В.','комплектовщик',NULL,NULL,NULL),(0000513,'Драгунов А. Е.','комплектовщик',NULL,NULL,NULL),(0000514,'Калиниченко И. А.','комплектовщик',NULL,NULL,NULL),(0000515,'Котельникова Л. Г.','комплектовщик',NULL,NULL,NULL),(0000516,'Худяков А. Р.','комплектовщик','',NULL,NULL),(0000517,'Папазов П.Г.','комплектовщик',NULL,NULL,NULL),(0000518,'Лугинец А. А.','комплектовщик',NULL,NULL,NULL),(0000519,'Цуканов Ю. С.','комплектовщик',NULL,NULL,NULL),(0000520,'Духнай Р. Г.','комплектовщик',NULL,NULL,NULL),(0000523,'Скворцова М. С.','комплектовщик',NULL,NULL,NULL),(0000524,'Мигличенко А. А.','комплектовщик',NULL,NULL,NULL),(0000525,'Ступка А. В.','комплектовщик',NULL,NULL,NULL),(0000526,'СергиенкоАА','комплектовщик',NULL,NULL,NULL),(0000527,'Коломиец А. В.','комплектовщик',NULL,NULL,NULL),(0000528,'Рудакова И. И.','комплектовщик',NULL,NULL,NULL),(0000529,'Андрейко К. С.','комплектовщик',NULL,NULL,NULL),(0000530,'Финк И. Е.','комплектовщик',NULL,NULL,NULL),(0000531,'Ищук Т. А.','комплектовщик',NULL,NULL,NULL),(0000532,'Швец В. С.','комплектовщик',NULL,NULL,NULL),(0000533,'Погосов М. Г.','комплектовщик',NULL,NULL,NULL),(0000534,'Литвинова А. Я.','комплектовщик',NULL,NULL,NULL),(0000535,'Богацкий В. Д.','комплектовщик',NULL,NULL,NULL),(0000536,'Муратов Д. В.','комплектовщик',NULL,NULL,NULL),(0000537,'Потапов С. В.','комплектовщик',NULL,NULL,NULL),(0000538,'Шаблина А. А.','комплектовщик',NULL,NULL,NULL),(0000540,'Полушина Л. В.','комплектовщик','P026',NULL,NULL),(0000541,'Решитько И. В.','комплектовщик',NULL,NULL,NULL),(0000542,'Головин И. Г.','комплектовщик',NULL,NULL,NULL),(0000543,'Юшманов В. Ю.','комплектовщик',NULL,NULL,NULL),(0000545,'Шульгина П. А.','комплектовщик',NULL,NULL,NULL),(0000546,'Охотин Е. В.','комплектовщик',NULL,NULL,NULL),(0000547,'Артюх С. А.','комплектовщик','P004',NULL,NULL),(0000548,'Гудилина А. Ю.','комплектовщик',NULL,NULL,NULL),(0000549,'Ширягин О. И.','комплектовщик',NULL,NULL,NULL),(0000552,'Синецкая Ю. В.','комплектовщик',NULL,NULL,NULL),(0000553,'Пшеничная Д. К.','комплектовщик','P042','',NULL),(0000557,'Тараненко Д. А.','комплектовщик',NULL,NULL,NULL),(0000559,'Остапенко Н. А.','комплектовщик',NULL,NULL,NULL),(0000560,'Закарин М.','комплектовщик',NULL,NULL,NULL),(0000561,'Псануков Р. А.','комплектовщик',NULL,NULL,NULL),(0000563,'Беляева М. Ф.','комплектовщик',NULL,NULL,NULL),(0000564,'Костюкевич С. В.','комплектовщик',NULL,NULL,NULL),(0000565,'Шапошников Р. В.','комплектовщик',NULL,NULL,NULL),(0000566,'Пачин А. А.','комплектовщик',NULL,NULL,NULL),(0000568,'Герус Д. О.','комплектовщик',NULL,NULL,NULL),(0000569,'Зеленская Н. И.','комплектовщик',NULL,NULL,NULL),(0000570,'Трофимов Е. Г.','комплектовщик',NULL,NULL,NULL),(0000571,'Белосохов И. П.','комплектовщик',NULL,NULL,NULL),(0000572,'Величко П. А.','комплектовщик',NULL,NULL,NULL),(0000573,'Левина Ю. А.','комплектовщик',NULL,NULL,NULL),(0000574,'Натаов Т.А.','комплектовщик',NULL,NULL,NULL),(0000575,'Николаенко Ю. В.','комплектовщик',NULL,'',NULL),(0000577,'Газарян С. М.','комплектовщик',NULL,NULL,NULL),(0000578,'Носов Ю. Г.','комплектовщик',NULL,NULL,NULL),(0000579,'Лысаков С.Ю.','комплектовщик',NULL,NULL,NULL),(0000581,'Матвеева Е.А.','комплектовщик',NULL,NULL,NULL),(0000582,'Попов Е.О.','комплектовщик',NULL,NULL,NULL),(0000584,'Подолян А.Н.','комплектовщик',NULL,NULL,NULL),(0000585,'Окуджава М.Ю.','комплектовщик',NULL,NULL,NULL),(0000586,'Блянкинштейн К.А.','комплектовщик',NULL,NULL,NULL),(0000587,'Захаренкова С.Г.','комплектовщик',NULL,NULL,NULL),(0000588,'Захаренкова И.В.','комплектовщик',NULL,NULL,NULL),(0000589,'Хижко А.Б.','комплектовщик',NULL,NULL,NULL),(0000590,'Ульская Е.С.','комплектовщик',NULL,NULL,NULL),(0000591,'Фуфачев В.Г.','комплектовщик',NULL,NULL,NULL),(0000592,'Романьков Е.В.','комплектовщик',NULL,NULL,NULL),(0000593,'Швец М.С.','комплектовщик',NULL,NULL,NULL),(0000594,'Яковлева А.М.','комплектовщик',NULL,NULL,NULL),(0000595,'Романович И.Н.','комплектовщик',NULL,NULL,NULL),(0000597,'Данилейченко П.Н.','комплектовщик',NULL,NULL,NULL),(0000598,'Быстров Д.К.','комплектовщик',NULL,NULL,NULL),(0000599,'Падерина А.П.','комплектовщик',NULL,NULL,NULL),(0000601,'Мурыгин Э.Р.','комплектовщик','','F002',''),(0000602,'Власенко В.В.','комплектовщик',NULL,NULL,NULL),(0000603,'Мирошниченко Е.В.','комплектовщик',NULL,NULL,NULL),(0000604,'Ахмадеева О.И.','комплектовщик',NULL,NULL,NULL),(0000605,'Максимов А.В.','комплектовщик',NULL,NULL,NULL),(0000610,'Ставский Д.А.','комплектовщик',NULL,NULL,NULL),(0000611,'Миллер А.С.','комплектовщик',NULL,NULL,NULL),(0000612,'Логачев К.Ю.','комплектовщик',NULL,NULL,NULL),(0000614,'Григорьянц В.С.','комплектовщик',NULL,NULL,NULL),(0000616,'Рахманин А.С.','комплектовщик',NULL,NULL,NULL),(0000618,'Каравашкин Е.В.','комплектовщик',NULL,NULL,NULL),(0000619,'Смоловская М.В.','комплектовщик',NULL,NULL,NULL),(0000621,'Сизова С.П.','комплектовщик',NULL,NULL,NULL),(0000622,'Старостенко В.А.','комплектовщик','',NULL,NULL),(0000624,'Тутынин А.А.','комплектовщик',NULL,NULL,NULL),(0000626,'Панов А.Л','комплектовщик',NULL,NULL,NULL),(0000627,'Бибикова Л.А.','комплектовщик',NULL,NULL,NULL),(0000628,'Слива Т.В.','комплектовщик',NULL,NULL,NULL),(0000630,'Легнева М.Л.','комплектовщик',NULL,NULL,NULL),(0000631,'Еловский С.В.','комплектовщик',NULL,NULL,NULL),(0000633,'Яковенко Д.А.','комплектовщик',NULL,NULL,NULL),(0000634,'Серебров Г.В.','комплектовщик',NULL,NULL,NULL),(0000635,'Фоменко Д.Л.','комплектовщик',NULL,NULL,NULL),(0000636,'Николаев А.А.','комплектовщик',NULL,NULL,NULL),(0000637,'Комиссаров В.А.','комплектовщик',NULL,NULL,NULL),(0000638,'Диденко Д.А.','комплектовщик',NULL,NULL,NULL),(0000639,'Григорьева А.П.','комплектовщик',NULL,NULL,NULL),(0000640,'Носов В.И.','комплектовщик',NULL,NULL,NULL),(0000641,'Дубков М.О.','комплектовщик',NULL,NULL,NULL),(0000642,'Воронов А.И.','комплектовщик',NULL,NULL,NULL),(0000643,'Калиниченко И.А.','комплектовщик',NULL,NULL,NULL),(0000644,'Гонтеренко С.А.','комплектовщик',NULL,NULL,NULL),(0000646,'Костюков В.В.','комплектовщик',NULL,NULL,NULL),(0000647,'Оконовенко А.Н.','комплектовщик',NULL,NULL,NULL),(0000648,'Жигалин Д.В.','комплектовщик',NULL,NULL,NULL),(0000649,'Шулева В.В.','комплектовщик',NULL,NULL,NULL),(0000659,'Житник Ю.А.','комплектовщик',NULL,NULL,NULL),(0000660,'Сорокин С.С.','комплектовщик',NULL,NULL,NULL),(0000661,'Косоуров А.Н.','комплектовщик',NULL,NULL,NULL),(0000662,'Шатилин В.В.','комплектовщик',NULL,NULL,NULL),(0000663,'Рудь Ю.Г.','комплектовщик',NULL,NULL,NULL),(0000664,'Углов Р.П.','комплектовщик',NULL,NULL,NULL),(0000666,'Макаренко Е.В.','комплектовщик',NULL,NULL,NULL),(0000667,'Барков С.В.','комплектовщик',NULL,NULL,NULL),(0000668,'Швецов С.А.','комплектовщик','',NULL,NULL),(0000669,'Стрельникова И.М.','комплектовщик',NULL,NULL,NULL),(0000670,'Семенов В.С.','комплектовщик',NULL,NULL,NULL),(0000671,'Федоренко Д.М.','комплектовщик',NULL,NULL,NULL),(0000672,'Цариценская Л.Л.','комплектовщик',NULL,NULL,NULL),(0000673,'Малыхов Е.В.','комплектовщик',NULL,NULL,NULL),(0000674,'Кудряшов Р.Д.','комплектовщик',NULL,NULL,NULL),(0000675,'Жегалина Т.Н.','комплектовщик',NULL,NULL,NULL),(0000676,'Телятников С.В.','комплектовщик',NULL,NULL,NULL),(0000677,'Фисюнов С.В.','комплектовщик',NULL,NULL,NULL),(0000678,'Примак А.А.','комплектовщик',NULL,NULL,NULL),(0000679,'Неженцев Д.М.','грузчик','P064',NULL,NULL),(0000680,'Литвинова К.О.','комплектовщик',NULL,NULL,NULL),(0000682,'Валенок К.С.','комплектовщик','P034','F024',NULL),(0000684,'Павлов И.С.','комплектовщик',NULL,NULL,NULL),(0000685,'Семенихин В.А.','комплектовщик',NULL,'',NULL),(0000686,'Семенихин И.А.','комплектовщик',NULL,NULL,NULL),(0000687,'Повлов И.С','комплектовщик',NULL,NULL,NULL),(0000688,'Цысь М.В.','комплектовщик',NULL,NULL,NULL),(0000689,'Дзюба Ю.В.','комплектовщик',NULL,NULL,NULL),(0000690,'Бабенко Г.В.','комплектовщик',NULL,NULL,NULL),(0000691,'Кочуров Ю.С.','комплектовщик','',NULL,NULL),(0000692,'Гуртовой А.Ю.','комплектовщик',NULL,NULL,NULL),(0000693,'Бескорованный А.В.','комплектовщик',NULL,NULL,NULL),(0000695,'Савчук Е.А.','комплектовщик',NULL,NULL,NULL),(0000696,'Батальщиков А.А.','комплектовщик',NULL,NULL,NULL),(0000698,'Карамбиров А.И.','комплектовщик',NULL,NULL,NULL),(0000699,'Руденко А.Д.','комплектовщик',NULL,NULL,NULL),(0000700,'Андреев М.Ю.','комплектовщик',NULL,NULL,NULL),(0000701,'Кузовкина Н.И.','комплектовщик',NULL,NULL,NULL),(0000702,'Лиханов Е.В.','комплектовщик',NULL,NULL,NULL),(0000706,'Оробейко А.Е.','комплектовщик',NULL,NULL,NULL),(0000707,'Коломбет С.М.','комплектовщик',NULL,NULL,NULL),(0000708,'Бобрышев Н.О.','комплектовщик',NULL,NULL,NULL),(0000709,'Гомозова С.В.','комплектовщик',NULL,NULL,NULL),(0000710,'Совалков В.В.','комплектовщик',NULL,NULL,NULL),(0000713,'Муратов Н.С.','комплектовщик',NULL,NULL,NULL),(0000714,'Тен Н. Ю.','комплектовщик',NULL,NULL,NULL),(0000715,'Павлов В.С.','комплектовщик',NULL,NULL,NULL),(0000716,'Бабенко В.А.','комплектовщик','P059','',NULL),(0000717,'Соболева Ж.Н.','комплектовщик',NULL,NULL,NULL),(0000718,'Кабаев И.А.','комплектовщик',NULL,NULL,NULL),(0000719,'Кустов А.В.','комплектовщик',NULL,NULL,NULL),(0000720,'Седухова Н.А.','комплектовщик',NULL,NULL,NULL),(0000721,'Ознобихина Т.Г.','комплектовщик',NULL,NULL,NULL),(0000722,'Майборода Э.С.','комплектовщик',NULL,NULL,NULL),(0000726,'Авраменко М.М.','комплектовщик',NULL,NULL,NULL),(0000727,'Россинская С.П.','комплектовщик',NULL,NULL,NULL),(0000728,'Песковцев В.Н.','комплектовщик',NULL,NULL,NULL),(0000729,'Савич М.В.','комплектовщик',NULL,NULL,NULL),(0000731,'Галкин А.А.','комплектовщик',NULL,NULL,NULL),(0000732,'Игнатов Н.Н.','комплектовщик',NULL,NULL,NULL),(0000733,'Сидоренко Ю.Э.','комплектовщик',NULL,NULL,NULL),(0000734,'Селезнева Н.И.','комплектовщик',NULL,NULL,NULL),(0000736,'Велякова М.Н.','комплектовщик',NULL,NULL,NULL),(0000737,'Цыбульский В.Ю.','комплектовщик',NULL,NULL,NULL),(0000738,'Санников С.А.','комплектовщик',NULL,NULL,NULL),(0000740,'Бутывский А. П.','комплектовщик',NULL,NULL,NULL),(0000741,'Исаков А. С.','комплектовщик',NULL,NULL,NULL),(0000742,'Филиппенко В. С.','комплектовщик',NULL,NULL,NULL),(0000743,'Рогачев А. Г.','комплектовщик',NULL,NULL,NULL),(0000744,'Гладышев А. Е.','комплектовщик',NULL,NULL,NULL),(0000745,'Антипова И. В.','комплектовщик',NULL,NULL,NULL),(0000746,'Кочконян М. К.','комплектовщик',NULL,NULL,NULL),(0000747,'Шипков Д. С.','комплектовщик',NULL,NULL,NULL),(0000749,'Наумова О. В.','комплектовщик',NULL,NULL,NULL),(0000750,'Титов А. А.','комплектовщик','','F037','R008'),(0000751,'Клименко Д.С.','комплектовщик',NULL,NULL,NULL),(0000752,'Мамонов И.П.','комплектовщик',NULL,NULL,NULL),(0000753,'Носенко А.А.','комплектовщик',NULL,NULL,NULL),(0000754,'Скакун Я.В.','комплектовщик',NULL,NULL,NULL),(0000755,'Андронаки И.И.','комплектовщик',NULL,NULL,NULL),(0000756,'Павлов А. М.','комплектовщик',NULL,NULL,NULL),(0000757,'Хорошайло Е. А.','комплектовщик',NULL,NULL,NULL),(0000759,'Шурганов К.Д.','комплектовщик',NULL,NULL,NULL),(0000760,'Магарамов И.З.','комплектовщик',NULL,NULL,NULL),(0000761,'Вдовенко А. С.','комплектовщик',NULL,NULL,NULL),(0000762,'Марачева Н.С.','комплектовщик',NULL,NULL,NULL),(0000763,'Маревич К. В.','комплектовщик',NULL,NULL,NULL),(0000764,'Прудников В. Н.','комплектовщик',NULL,NULL,NULL),(0000765,'Ус А. В.','комплектовщик',NULL,NULL,NULL),(0000766,'Борисенко И. Н.','комплектовщик',NULL,NULL,NULL),(0000767,'Воронков А. Ю.','комплектовщик',NULL,NULL,NULL),(0000768,'Русакова Е.В.','комплектовщик',NULL,NULL,NULL),(0000769,'Домашева У. В.','комплектовщик',NULL,NULL,NULL),(0000770,'Рудаков А.А.','комплектовщик',NULL,NULL,NULL),(0000771,'Исаков А.С.','комплектовщик',NULL,NULL,NULL),(0000772,'Годовцова Е.Н.','комплектовщик',NULL,NULL,NULL),(0000773,'Серебряков Д.А.','комплектовщик',NULL,NULL,NULL),(0000774,'Кафанова И.И.','товаровед','P021','F036',NULL),(0000775,'Бессонов С.А.','комплектовщик',NULL,NULL,NULL),(0000777,'Курков А.В.','комплектовщик',NULL,NULL,NULL),(0000779,'Оприщенко С.И.','комплектовщик',NULL,NULL,NULL),(0000782,'Гамалий А.С.','комплектовщик',NULL,NULL,NULL),(0000783,'Васильева Е.И.','комплектовщик','P018',NULL,NULL),(0000784,'Коротков В.А.','комплектовщик',NULL,NULL,NULL),(0000785,'Астанкова И.В.','комплектовщик',NULL,NULL,NULL),(0000786,'Пасенов В.Г.','комплектовщик',NULL,NULL,NULL),(0000788,'Керимов М.У.','комплектовщик',NULL,NULL,NULL),(0000789,'Вишневская Т.В.','комплектовщик',NULL,NULL,NULL),(0000790,'Риккерд Ю.В.','комплектовщик','P056','F017',NULL),(0000791,'Синицын Д.В.','комплектовщик',NULL,NULL,NULL),(0000792,'Тарзимянов А.Ю.','комплектовщик',NULL,NULL,NULL),(0000793,'Пушкарев Д.С.','комплектовщик','',NULL,''),(0000794,'Талантов Л.Г.','комплектовщик',NULL,NULL,NULL),(0000795,'Малышева Ю.А.','комплектовщик',NULL,NULL,NULL),(0000796,'Звягинцева Е.Б.','комплектовщик',NULL,NULL,NULL),(0000797,'Козлов Ю. А.','комплектовщик',NULL,NULL,NULL),(0000798,'Хохлов В.В.','комплектовщик',NULL,NULL,NULL),(0000799,'Петренко А. Е.','комплектовщик',NULL,NULL,NULL),(0000800,'Никитин К.В.','комплектовщик',NULL,NULL,NULL),(0000801,'Балышев А.И.','комплектовщик',NULL,NULL,NULL),(0000802,'Обухов И.С.','комплектовщик',NULL,NULL,NULL),(0000803,'Домникова Н.В.','комплектовщик',NULL,NULL,NULL),(0000804,'Скачко Л.Г.','комплектовщик',NULL,NULL,NULL),(0000805,'Алексеева Н. Н.','комплектовщик',NULL,NULL,NULL),(0000806,'Романченко С. Ю.','комплектовщик',NULL,NULL,NULL),(0000807,'Вандышев О. С.','комплектовщик',NULL,NULL,NULL),(0000808,'Прийменко А.А.','комплектовщик',NULL,NULL,NULL),(0000809,'Колот А.А.','комплектовщик',NULL,NULL,NULL),(0000811,'Крыулин В. И.','комплектовщик',NULL,NULL,NULL),(0000812,'Лихошерст Н. Н.','комплектовщик',NULL,NULL,NULL),(0000814,'Еловая О.А.','комплектовщик',NULL,NULL,NULL),(0000815,'Чалый И.Г.','комплектовщик',NULL,NULL,NULL),(0000816,'Гордиенко В. А.','комплектовщик',NULL,NULL,NULL),(0000817,'Рябушко Е. С.','комплектовщик',NULL,NULL,NULL),(0000820,'Богацкий В.Д.','комплектовщик',NULL,NULL,NULL),(0000821,'Кущенко С.А.','комплектовщик',NULL,NULL,NULL),(0000823,'Швыдкова Е.Я.','комплектовщик','',NULL,NULL),(0000824,'Мартиросян А.Р.','комплектовщик',NULL,NULL,NULL),(0000825,'Дятлов Е.В.','комплектовщик',NULL,NULL,NULL),(0000826,'Демин С.А.','комплектовщик',NULL,'','R017'),(0000828,'Шарахметов Б.С.','комплектовщик',NULL,NULL,NULL),(0000847,'Семенов С.В.','комплектовщик',NULL,NULL,NULL),(0000848,'Косинов А.В.','комплектовщик',NULL,NULL,NULL),(0000849,'Магомедова С.М.','комплектовщик',NULL,NULL,NULL),(0000851,'Дектерев Ю.С.','комплектовщик','',NULL,NULL),(0000852,'Шестаков И.А.','комплектовщик',NULL,NULL,NULL),(0000853,'Афанасьева А.В.','комплектовщик',NULL,NULL,NULL),(0000854,'Маревич К.В.','комплектовщик',NULL,NULL,NULL),(0000855,'Прудников В.Н.','комплектовщик',NULL,NULL,NULL),(0000856,'Фирсов А.Э.','комплектовщик',NULL,NULL,NULL),(0000857,'Высокобылко И.А.','комплектовщик','',NULL,NULL),(0000858,'Литовченко К.А.','комплектовщик',NULL,NULL,NULL),(0000859,'Бочкарев А.С.','комплектовщик',NULL,NULL,NULL),(0000860,'Андреев К.Н.','комплектовщик',NULL,NULL,NULL),(0000861,'Дысько С.В.','комплектовщик',NULL,NULL,NULL),(0000862,'Максименко В.И.','комплектовщик',NULL,NULL,NULL),(0000863,'Коркин А.В.','комплектовщик',NULL,NULL,NULL),(0000864,'Солонченко Р.А.','комплектовщик',NULL,NULL,NULL),(0000865,'Джарим А.А.','комплектовщик',NULL,NULL,NULL),(0000866,'Лукьянченков В.В.','комплектовщик',NULL,NULL,NULL),(0000867,'Кольниченко К.В.','комплектовщик',NULL,NULL,NULL),(0000868,'Воробьев А.А.','комплектовщик',NULL,NULL,NULL),(0000869,'Украинец В.С.','комплектовщик',NULL,NULL,NULL),(0000870,'Петрий А. В.','комплектовщик',NULL,NULL,NULL),(0000871,'Черников В.О.','комплектовщик',NULL,NULL,NULL),(0000872,'Абаимов Д.С.','комплектовщик',NULL,NULL,NULL),(0000873,'Моисеенко А.В.','комплектовщик',NULL,NULL,NULL),(0000874,'Кожанов А.В.','комплектовщик',NULL,NULL,NULL),(0000875,'Кабанова И.А.','комплектовщик',NULL,NULL,NULL),(0000876,'Михайлова К.Р.','комплектовщик',NULL,NULL,NULL),(0000877,'Клёп Д.В.','комплектовщик',NULL,NULL,NULL),(0000879,'Яновская Д.В.','комплектовщик',NULL,NULL,NULL),(0000880,'Припахайло В.В.','комплектовщик',NULL,NULL,NULL),(0000882,'Кораблева В.О.','комплектовщик',NULL,NULL,NULL),(0000884,'Нехай А.К.','комплектовщик',NULL,NULL,NULL),(0000885,'Копейкин А.И.','комплектовщик','','',''),(0000887,'Гребнев А.С.','комплектовщик',NULL,NULL,NULL),(0000888,'Головатова Т.П.','комплектовщик',NULL,NULL,NULL),(0000889,'Тряпицын А.А.','комплектовщик',NULL,NULL,NULL),(0000891,'Ватулина А.А.','комплектовщик','P020',NULL,NULL),(0000892,'Шостенко В.А.','комплектовщик',NULL,NULL,NULL),(0000893,'Татарников А.Н.','комплектовщик',NULL,NULL,NULL),(0000894,'Лиштован Ю.В.','комплектовщик',NULL,NULL,NULL),(0000897,'Малыгина В. Б.','комплектовщик',NULL,NULL,NULL),(0000899,'Диаконашвили Л. К.','комплектовщик',NULL,NULL,NULL),(0000900,'Дроздова Л.Н.','комплектовщик',NULL,NULL,NULL),(0000901,'Лавренов Ю.В.','комплектовщик',NULL,NULL,NULL),(0000902,'Гупало А.Н','комплектовщик',NULL,NULL,NULL),(0000905,'Майонова В. В.','комплектовщик','P005','',NULL),(0000906,'Кислякова','комплектовщик',NULL,NULL,NULL),(0000908,'Ниязова Е. Р.','комплектовщик',NULL,NULL,NULL),(0000909,'Семионов Д.В.','комплектовщик',NULL,NULL,NULL),(0000910,'Кривокотченко','комплектовщик',NULL,NULL,NULL),(0000912,'Степанов А. А.','комплектовщик',NULL,NULL,NULL),(0000913,'Яровой С. О.','комплектовщик',NULL,NULL,NULL),(0000914,'Коломийцева М. Н.','комплектовщик',NULL,NULL,NULL),(0000915,'Афанасьев А.А.','комплектовщик',NULL,NULL,NULL),(0000916,'Лукошкин В.С.','комплектовщик',NULL,NULL,NULL),(0000917,'Рыжков В. В.','комплектовщик',NULL,NULL,NULL),(0000918,'Добрынина Т. В.','комплектовщик',NULL,NULL,NULL),(0000921,'Саркисянц М.А.','комплектовщик',NULL,NULL,NULL),(0000922,'Мирошниченко А.А.','комплектовщик',NULL,NULL,NULL),(0000924,'Ракута Д. В.','комплектовщик',NULL,NULL,NULL),(0000925,'Евтушенко Е. В.','примный отдел',NULL,NULL,'R016'),(0000926,'Левченко Н. Г.','комплектовщик',NULL,NULL,NULL),(0000927,'Пузыренко С. П.','комплектовщик',NULL,NULL,NULL),(0000930,'Стрельцов Ю. И.','комплектовщик',NULL,NULL,NULL),(0000931,'Старостин Д. Е.','комплектовщик',NULL,NULL,NULL),(0000933,'Беднова Е.','контролер',NULL,NULL,NULL),(0000934,'Филиппов А. А.','комплектовщик',NULL,NULL,NULL),(0000938,'Кривощапова','комплектовщик',NULL,NULL,NULL),(0000939,'Чалый','комплектовщик',NULL,NULL,NULL),(0000944,'Михалёва И. В.','комплектовщик',NULL,NULL,NULL),(0000950,'Белобратова Н. Н.','комплектовщик',NULL,NULL,NULL),(0000953,'Лунько А. В.','комплектовщик',NULL,NULL,NULL),(0000969,'Фанян В. А.','комплектовщик',NULL,NULL,NULL),(0000972,'Орехов Р. С.','комплектовщик',NULL,NULL,NULL),(0000974,'Кондратенко В. Г.','комплектовщик',NULL,NULL,NULL),(0000975,'Шпонько М. Ю.','комплектовщик','P057',NULL,NULL),(0000976,'Черноиванова Т. И.','комплектовщик',NULL,NULL,NULL),(0000977,'Распечатка','комплектовщик',NULL,NULL,NULL),(0000980,'Дейнега Д. А.','комплектовщик',NULL,NULL,NULL),(0000981,'Колякина О. А.','комплектовщик',NULL,NULL,NULL),(0000983,'Перевязка А. Ю.','комплектовщик',NULL,NULL,NULL),(0000985,'Калайда В. И.','комплектовщик',NULL,NULL,NULL),(0000986,'Боброва Т.А.','комплектовщик',NULL,NULL,NULL),(0000987,'Костин Д.','комплектовщик','P025','F001',NULL),(0000988,'Шпак С.В.','комплектовщик',NULL,NULL,NULL),(0000989,'Шумахова М.К.','комплектовщик',NULL,NULL,NULL),(0000990,'Хаджинов М.А.','комплектовщик',NULL,NULL,NULL),(0000991,'Ермоленко Н.В.','комплектовщик',NULL,NULL,NULL),(0000993,'Глушан Ю. В. ','комплектовщик',NULL,NULL,NULL),(0000994,'Нефёдова В. Н.','комплектовщик',NULL,NULL,NULL),(0000995,'Будасова','комплектовщик',NULL,NULL,NULL),(0000999,'Шиленко Д. С.','комплектовщик',NULL,NULL,NULL),(0001001,'Ржевская','комплектовщик',NULL,NULL,NULL),(0001004,'Смирнова Т. И.','комплектовщик',NULL,NULL,NULL),(0001005,'Кановка В. А.','комплектовщик',NULL,NULL,NULL),(0001006,'Завалка А. В.','комплектовщик',NULL,NULL,NULL),(0001007,'Селиверстов А. Г.','комплектовщик',NULL,NULL,NULL),(0001008,'Мелёшкин А. В.','комплектовщик',NULL,NULL,NULL),(0001009,'Трунов В. В.','комплектовщик',NULL,NULL,NULL),(0001010,'Тарасова К. Н.','комплектовщик',NULL,NULL,NULL),(0001011,'Ольхов Е. В.','комплектовщик',NULL,NULL,NULL),(0001013,'Попов Д. В.','комплектовщик',NULL,NULL,NULL),(0001014,'Стецюра М. В.','комплектовщик',NULL,NULL,NULL),(0001015,'Арапова М. С.','комплектовщик',NULL,NULL,NULL),(0001018,'Пименова И.В.','комплектовщик',NULL,NULL,NULL),(0001019,'Крикунов И.В.','комплектовщик',NULL,NULL,''),(0001026,'Хут Р.Т.','комплектовщик',NULL,NULL,NULL),(0001027,'Селецкая И. В.','комплектовщик','','',''),(0001028,'Непсо Ф. Г.','комплектовщик',NULL,NULL,NULL),(0001034,'Воробьева','комплектовщик',NULL,NULL,NULL),(0001035,'Воробьева Мирца Дмитриевна','комплектовщик','P035',NULL,NULL),(0001036,'Ус И.А.','грузчик','P062',NULL,NULL),(0001037,'Каспарьян Э.Г.','грузчик','P063',NULL,NULL),(0001040,'Клименко А.С.','грузчик',NULL,NULL,NULL),(0001043,'Виличинская  О.В.','комплектовщик','P011',NULL,NULL),(0001045,'Налбантов В.В.','комплектовщик',NULL,NULL,NULL),(0001047,'Штомпель Д.Г.','комплектовщик',NULL,NULL,NULL),(0001049,'Шпонько М.Ю.','комплектовщик',NULL,NULL,NULL),(0001050,'Крещенко Е.А.','комплектовщик',NULL,NULL,NULL),(0001051,'Барабанов В.Н.','комплектовщик',NULL,NULL,NULL),(0001052,'Сёмина К.М.','комплектовщик',NULL,NULL,NULL),(0001054,'Плотников В.А.','комплектовщик',NULL,NULL,NULL),(0001055,'Романьков Е. В.','комплектовщик',NULL,NULL,NULL),(0001056,'Баламутова Ж.В.','комплектовщик',NULL,NULL,NULL),(0001057,'Денисенко А.В,','комплектовщик',NULL,NULL,NULL),(0001058,'Рыбянец Т.Н.','комплектовщик',NULL,NULL,NULL),(0001059,'Чубукин Е.Г.','комплектовщик',NULL,NULL,NULL),(0001063,'Баркова Т.Н.','комплектовщик',NULL,NULL,NULL),(0001064,'Бич А.И.','комплектовщик',NULL,NULL,NULL),(0001065,'Холод И.С.','комплектовщик',NULL,NULL,NULL),(0001066,'Худяков И.С.','комплектовщик',NULL,NULL,NULL),(0001072,'Баталова И,А.','комплектовщик',NULL,NULL,NULL),(0001074,'Гуцал М.В.','комплектовщик',NULL,NULL,NULL),(0001075,'Пономаренко В.С.','комплектовщик',NULL,NULL,NULL),(0001076,'Захарова Г.В.','комплектовщик',NULL,NULL,NULL),(0001077,'Ершова О.Б.','комплектовщик',NULL,NULL,NULL),(0001078,'Бабкина Н.В.','комплектовщик',NULL,NULL,NULL),(0001080,'Якимов В.Е.','комплектовщик',NULL,NULL,NULL),(0001082,'Балтаев Ё.Н.','комплектовщик',NULL,NULL,NULL),(0001083,'Кулигина Е.А.','комплектовщик',NULL,NULL,NULL),(0001085,'АРМЭтикетирования_Конвейер','комплектовщик',NULL,NULL,NULL),(0001086,'Левченко С.В.','комплектовщик','',NULL,NULL),(0001091,'Плаутский П.Г.','комплектовщик','',NULL,''),(0001092,'Коваленко А.Н.','комплектовщик','P049',NULL,NULL),(0001093,'Ермакова А.В.','комплектовщик',NULL,NULL,NULL),(0001095,'Бабаянц Р.Э.','комплектовщик',NULL,NULL,NULL),(0001099,'Прокопчук В.Н.','комплектовщик',NULL,NULL,NULL),(0001100,'Дударь С.Е.','комплектовщик',NULL,NULL,NULL),(0001103,'Арустамян А.Г.','комплектовщик',NULL,NULL,NULL),(0001105,'Архипов Н.О.','комплектовщик',NULL,NULL,NULL),(0001106,'Бакунина Е.В.','комплектовщик','',NULL,NULL),(0001107,'Леднева  Е.А.','комплектовщик','P013',NULL,NULL),(0001108,'Осадчая В.А.','комплектовщик',NULL,NULL,NULL),(0001110,'Гаврилов В.Ю.','грузчик','',NULL,NULL),(0001111,'Лыков А.С.','комплектовщик',NULL,NULL,NULL),(0001115,'Петров П.В.','комплектовщик',NULL,NULL,NULL),(0001117,'Алешина А.А.','комплектовщик',NULL,NULL,NULL),(0001118,'Баева С.А.','комплектовщик',NULL,NULL,NULL),(0001120,'Дауров В. В.','комплектовщик',NULL,NULL,NULL),(0001124,'Харченко Е.В.','комплектовщик','',NULL,NULL),(0001125,'Восканян Н.С.','комплектовщик','',NULL,NULL),(0001127,'Иванов К.С.','комплектовщик',NULL,NULL,NULL),(0001128,'Погуляев  Р.В.','комплектовщик',NULL,NULL,NULL),(0001129,'Алдошина А.П.','комплектовщик','P023',NULL,NULL),(0001130,'Борсук Ю. А.','комплектовщик',NULL,NULL,NULL),(0001131,'Монахова А.В.','комплектовщик','P006',NULL,NULL),(0001132,'Викулина О.А.','комплектовщик',NULL,NULL,NULL),(0001133,'Кретова А.П.','комплектовщик','P045',NULL,NULL),(0001135,'Шендрик Л.В.','комплектовщик','',NULL,NULL),(0001137,'Кирильченко Ю.П.','комплектовщик',NULL,NULL,NULL),(0001138,'Крюков В.Н.','грузчик','P068',NULL,NULL),(0001140,'Савочкина С.Ю.','комплектовщик','P003',NULL,NULL),(0001141,'Лесовая О.В.','комплектовщик',NULL,NULL,NULL),(0001143,'Щербакова М.Е.','комплектовщик',NULL,NULL,NULL),(0001144,'Седова В.П.','комплектовщик','P037',NULL,NULL),(0001145,'Ачмиз А.А.','комплектовщик тэо','P061',NULL,NULL),(0001147,'Воронов К.Ю.','комплектовщик','P007','',NULL),(0001148,'Пак А.А.','комплектовщик',NULL,NULL,NULL),(0001150,'Бойко З.Б. К.','комплектовщик',NULL,NULL,NULL),(0001152,'Кондромашин Е.С.','грузчик','P069',NULL,NULL),(0001154,'Квак Д.С.','комплектовщик',NULL,NULL,NULL),(0001161,'Стажер проба','комплектовщик',NULL,NULL,NULL),(0001182,'Ващенко М.Ю.','товаровед','',NULL,''),(0001183,'Жданов И.Ю.','товаровед','','',''),(0001186,'Калашникова Ю.Ю.','комплектовщик','',NULL,NULL),(0001187,'Водолазова И.А.','комплектовщик',NULL,NULL,NULL),(0001189,'Тафий А.П.','комплектовщик',NULL,NULL,NULL),(0001190,'Галаганова О.Ю.','комплектовщик',NULL,NULL,NULL),(0001191,'Хлебутин И.П.','грузчик','P067','',NULL),(0001192,'Косых А.В.','комплектовщик',NULL,NULL,NULL),(0001195,'Таланчук А.А.','комплектовщик','',NULL,NULL),(0001197,'Мартынов Д.В.','комплектовщик','P027',NULL,NULL),(0001200,'Цопурашвили Т.Р.','комплектовщик',NULL,NULL,NULL),(0001202,'Ховренков И.Н.','комплектовщик',NULL,NULL,'R001'),(0001203,'Гудзиева Л.Ф.','комплектовщик',NULL,NULL,NULL),(0001204,'Кончиков В.М.','комплектовщик',NULL,NULL,NULL),(0001205,'Кондов В.Г.','комплектовщик','P040','',NULL),(0001207,'Борисенко А.В.','комплектовщик','',NULL,NULL),(0001208,'Провоторова И.В.','комплектовщик','P050',NULL,NULL),(0001209,'Шерстюк Д.С.','комплектовщик',NULL,NULL,NULL),(0001215,'Рослая И.В.','комплектовщик',NULL,NULL,NULL),(0001216,'Перваков Д.Е.','комплектовщик',NULL,NULL,NULL),(0001220,'Харченко А.И.','комплектовщик','P022','',NULL),(0001221,'Восканян С.С.','комплектовщик','P008','',NULL),(0001222,'Проценко Н.П.','комплектовщик',NULL,NULL,NULL),(0001223,'Юрченко Ю.В.','комплектовщик',NULL,'',NULL),(0001224,'Бацев А.Е','комплектовщик',NULL,NULL,NULL),(0001226,'Кочурова Л.А.','комплектовщик','',NULL,NULL),(0001227,'Шпонько А.Ю.','комплектовщик','',NULL,NULL),(0001228,'Таймез Н.А.','комплектовщик','',NULL,NULL),(0001232,'Савченко Г.В.','комплектовщик',NULL,NULL,NULL),(0001236,'Сагайдачная Т.Н.','комплектовщик',NULL,NULL,NULL),(0001237,'Скоров Ю.Е.','комплектовщик',NULL,NULL,NULL),(0001247,'Тонконог К.П.','комплектовщик',NULL,NULL,NULL),(0001248,'Ильин В.А.','комплектовщик',NULL,NULL,NULL),(0001252,'Ляшков Е.В.','комплектовщик',NULL,'',NULL),(0001253,'Перезолов А.П.','комплектовщик',NULL,NULL,NULL),(0001255,'Кузнецов В.П','комплектовщик',NULL,'',NULL),(0001256,'Лебедева А.В.','комплектовщик',NULL,NULL,NULL),(0001257,'Варибок Д.Р.','комплектовщик',NULL,'',NULL),(0001258,'Старостенко А.В.','комплектовщик','P060',NULL,NULL),(0001259,'Иванов А.Г.','комплектовщик','','F040','R026'),(0001260,'Дзюба Е.А.','комплектовщик',NULL,NULL,NULL),(0001261,'Шипилов Д.Г.','комплектовщик','','F007','R023'),(0001265,'Иванов В.В.','комплектовщик','',NULL,NULL),(0001266,'Шмакова А. А.','комплектовщик','',NULL,NULL),(0001268,'Попов П.П.','комплектовщик',NULL,NULL,NULL),(0001270,'Кайбагарова Д.К','комплектовщик','P017',NULL,NULL),(0001271,'Шушлебин А.А.','сборщик коробочной зоны','','F022','R022'),(0001272,'Ищенко А.А.','комплектовщик','P014','',NULL),(0001274,'Давудов','комплектовщик',NULL,NULL,NULL),(0001275,'Ващенко Максим','товаровед',NULL,NULL,NULL),(0001276,'Омельченко Александр','комплектовщик',NULL,NULL,NULL),(0001279,'Мальшет Д.К.','комплектовщик',NULL,NULL,NULL),(0001282,'Кириченко А.В.','комплектовщик','','F029',''),(0001283,'Бабкин С.А.','комплектовщик','','F013',NULL),(0001285,'Осокин А.В.','комплектовщик','','F009','R006'),(0001287,'Безверхий С.А.','сборщик','P019',NULL,NULL),(0001288,'Початкова Е.Ю.','комплектовщик','P016',NULL,NULL),(0001291,'Новиков И.М.','комплектовщик',NULL,NULL,NULL),(0001294,'Давыдов Д.В.','комплектовщик',NULL,'F018',NULL),(0001295,'Кондромашина А.А.','комплектовщик','P002',NULL,NULL),(0001296,'Полушина Р.В.','комплектовщик','P015',NULL,NULL),(0001297,'Березняк Е.А.','комплектовщик','P001',NULL,NULL),(0001301,'Трапизонян О.А.','сборщик заказов','',NULL,NULL),(0001302,'Ковалев Ф.И.','грузчик','',NULL,NULL);
/*!40000 ALTER TABLE `rt_users` ENABLE KEYS */;
UNLOCK TABLES;
/*!40103 SET TIME_ZONE=@OLD_TIME_ZONE */;

/*!40101 SET SQL_MODE=@OLD_SQL_MODE */;
/*!40014 SET FOREIGN_KEY_CHECKS=@OLD_FOREIGN_KEY_CHECKS */;
/*!40014 SET UNIQUE_CHECKS=@OLD_UNIQUE_CHECKS */;
/*!40101 SET CHARACTER_SET_CLIENT=@OLD_CHARACTER_SET_CLIENT */;
/*!40101 SET CHARACTER_SET_RESULTS=@OLD_CHARACTER_SET_RESULTS */;
/*!40101 SET COLLATION_CONNECTION=@OLD_COLLATION_CONNECTION */;
/*!40111 SET SQL_NOTES=@OLD_SQL_NOTES */;

-- Dump completed on 2017-08-17 17:36:29
